Nazwa zawodów;Data_przetworzona;miesiac;rok;Dystans_czyszczony;Miejsce_przetworzone;WOJEWODZTWO;gorskie
Warta Challenge Marathon&Half;08-02-2025;luty;2025;42.195 km;BIEDRUSKO;WIELKOPOLSKIE;0
Turbacz Winter Trail;08-02-2025;luty;2025;10.5 km, 21 km, 47 km;NOWY TARG;MAŁOPOLSKIE;1
Rudawy Zimowy Festiwal Biegowy;08-02-2025;luty;2025;21 km, 44.5 km, 59.5 km;KARPNIKI;DOLNOŚLĄSKIE;1
Nic Paprocański;08-02-2025;luty;2025;42.195 km;TYCHY;ŚLĄSKIE;0
Grand Prix CITY TRAIL;08-02-2025;luty;2025;5 km;LUBLIN;LUBELSKIE;0
Silesia Race;08-02-2025;luty;2025;25 km;OLSZTYN;ŚLĄSKIE;0
Cross maraton u Ryśka vol 69;08-02-2025;luty;2025;42.5 km;WIELUŃ;ŁÓDZKIE;0
Witunia Weekend Maraton (13/2025);08-02-2025;luty;2025;42.195 km;WITUNIA;KUJAWSKO-POMORSKIE;0
Bydgoszcz na Orientację;08-02-2025;luty;2025;7 km;BYDGOSZCZ;KUJAWSKO-POMORSKIE;0
XXII Zimowy Bieg Trzech Jezior;08-02-2025;luty;2025;15 km;TRZEMESZNO;WIELKOPOLSKIE;0
Rudawy Zimowy Festiwal Biegowy;08-02-2025;luty;2025;60 km;JANOWICE WIELKIE;DOLNOŚLĄSKIE;0
Grand Prix CITY TRAIL;08-02-2025;luty;2025;5 km;POZNAŃ;WIELKOPOLSKIE;0
IV Zimowy Wielki Las;08-02-2025;luty;2025;;WOLA ZGŁOBIEŃSKA;PODKARPACKIE;0
Wesołe Biegi Górskie 360;08-02-2025;luty;2025;10 km;WARSZAWA;MAZOWIECKIE;0
Witunia Weekend Maraton (14/2025);09-02-2025;luty;2025;42.195 km;WITUNIA;KUJAWSKO-POMORSKIE;0
"Bieg Urodzinowy Gdyni
Bieg 1926";09-02-2025;luty;2025;1.926 km, 10 km;GDYNIA;POMORSKIE;0
Bieg Urodzinowy Gdyni;09-02-2025;luty;2025;1.926 km, 10 km;GDYNIA;POMORSKIE;0
IX Grand Prix Zadyszki Oświęcim;09-02-2025;luty;2025;7 km;OŚWIĘCIM;MAŁOPOLSKIE;0
"Gdynia, ""Bieg Urodzinowy Gdyni z Decathlon""";09-02-2025;luty;2025;;GDYNIA;POMORSKIE;0
Zimowa Zawierucha 2025;09-02-2025;luty;2025;5 km, 21 km;BOBROWNIKI;KUJAWSKO-POMORSKIE;0
Bydgoszcz na Orientację;09-02-2025;luty;2025;7 km;BYDGOSZCZ;KUJAWSKO-POMORSKIE;0
Zimowa Zawierucha;09-02-2025;luty;2025;21.1 km;BOBROWNIKI;KUJAWSKO-POMORSKIE;0
10 biegów na 10-lecie;09-02-2025;luty;2025;7 km;LUBLINIEC;ŚLĄSKIE;0
Chwałowicki Maraton Napoleoński;09-02-2025;luty;2025;42.2 km;CHWAŁOWICE;MAŁOPOLSKIE;0
TARNOBRZESKI BIEG RODZINNY;09-02-2025;luty;2025;5 km, 10 km;TARNOBRZEG;PODKARPACKIE;0
Grand Prix CITY TRAIL;09-02-2025;luty;2025;5 km;ŁÓDŹ;ŁÓDZKIE;0
Grand Prix CITY TRAIL;09-02-2025;luty;2025;5 km;SZCZECIN;ZACHODNIOPOMORSKIE;0
Keep Run Malta #49;11-02-2025;luty;2025;5 km;POZNAŃ;WIELKOPOLSKIE;0
BOTANICZNA PIĄTKA Edycja Zimowa w Ogrodzie Świateł;14-02-2025;luty;2025;5 km;MIKOŁÓW;ŚLĄSKIE;0
Dzieci - BOTANICZNA PIĄTKA Edycja Zimowa w Ogrodzie Świateł;14-02-2025;luty;2025;0.15 km, 0.3 km, 0.5 km, 1 km;MIKOŁÓW;ŚLĄSKIE;0
IX Ultra Śledź Puszczy Knyszyńskiej;14-02-2025;luty;2025;170 km;SUPRAŚL;PODLASKIE;0
Botaniczna Piątka;14-02-2025;luty;2025;5 km;MIKOŁÓW;ŚLĄSKIE;0
"Supraśl, ""IX Ultra Śledź Puszczy Knyszyńskiej""";14-02-2025;luty;2025;;SUPRAŚL;PODLASKIE;0
Koliba Łomnicka;15-02-2025;luty;2025;15 km;ŁOMNICA;DOLNOŚLĄSKIE;1
XVI Półmaraton Komandosa;15-02-2025;luty;2025;21 km;WARSZAWA;MAZOWIECKIE;0
RPG - Ryterska Pętla Górska - Bieg godzinny;15-02-2025;luty;2025;1 km;RYTRO;MAŁOPOLSKIE;0
XXV Ogólnopolski Bieg Grzmią Pod Stoczkiem Armaty;15-02-2025;luty;2025;10 km;STOCZEK ŁUKOWSKI;LUBELSKIE;0
Bieg Pamięci Sybiru;15-02-2025;luty;2025;5 km;WROCŁAW;DOLNOŚLĄSKIE;0
Bieg Wyzwolenia;15-02-2025;luty;2025;10 km;CHOROSZCZ;PODLASKIE;0
"Wilcze Gronie
Zimowy Bieg Górski";15-02-2025;luty;2025;17 km;RAJCZA;ŚLĄSKIE;0
Ryterska Pętla Górska;15-02-2025;luty;2025;1 km;RYTRO;MAŁOPOLSKIE;0
"1 RZESZOWSKI BIEG WALENTYNKOWY BIEG ""SINGLI""";15-02-2025;luty;2025;;RZESZÓW;PODKARPACKIE;0
"1 RZESZOWSKI BIEG WALENTYNKOWY BIEG ""PAR""";15-02-2025;luty;2025;;RZESZÓW;PODKARPACKIE;0
Zimowy Maraton na Orientację ZiMnO;15-02-2025;luty;2025;50 km;ZAGÓRZE;MAŁOPOLSKIE;0
Bieg Zdobywców Modyni;15-02-2025;luty;2025;8 km;MŁYŃCZYSKA;MAŁOPOLSKIE;0
Grand Prix CITY TRAIL;15-02-2025;luty;2025;5 km;WARSZAWA;MAZOWIECKIE;0
Zimowy Bieg Piasta;15-02-2025;luty;2025;10 km;MIĘKINIA;DOLNOŚLĄSKIE;0
X Bieg Walentynkowy;15-02-2025;luty;2025;10 km;POZNAŃ;WIELKOPOLSKIE;0
XVI Półmaraton Komandosa;15-02-2025;luty;2025;21.097 km;WARSZAWA;MAZOWIECKIE;0
Zimowy Maraton Jurajski;15-02-2025;luty;2025;10 km;PODLESICE;ŚLĄSKIE;1
Zimowy Maraton Jurajski;15-02-2025;luty;2025;42 km;PODLESICE;ŚLĄSKIE;0
"Sopot, ""#RUNinSOPOT po Plaży - II edycja""";15-02-2025;luty;2025;6 km;SOPOT;POMORSKIE;0
Grand Prix CITY TRAIL Warszawa;15-02-2025;luty;2025;5 km;WARSZAWA;MAZOWIECKIE;0
Witunia Weekend Maraton (15/2025);15-02-2025;luty;2025;42.195 km;WITUNIA;KUJAWSKO-POMORSKIE;0
XXI Zimowe Biegi Górskie Falenica;15-02-2025;luty;2025;10 km;WARSZAWA;MAZOWIECKIE;0
Beach #RUNinSOPOT - etap 2;15-02-2025;luty;2025;6 km;SOPOT;POMORSKIE;0
IX Dwumaraton Olęderski;15-02-2025;luty;2025;42.2 km;SĘKOWO;WIELKOPOLSKIE;0
Bieg Walentynkowy;16-02-2025;luty;2025;5.5 km;WROCŁAW;DOLNOŚLĄSKIE;0
1 Bieg Zwycięskiego Powstania;16-02-2025;luty;2025;10 km;POZNAŃ;WIELKOPOLSKIE;0
X Oleszyce Trail Półmaraton IX Nordic Walking;16-02-2025;luty;2025;9 km, 21.097 km;ZABIAŁA;PODKARPACKIE;0
X Oleszyce Trail Półmaraton;16-02-2025;luty;2025;21 km;OLESZYCE;PODKARPACKIE;0
X Bieg Zaślubinowy Od Hallera do Hallera;16-02-2025;luty;2025;12 km;PUCK;POMORSKIE;0
40 Bieg Gąsieniców;16-02-2025;luty;2025;10 km;ZAKOPANE;MAŁOPOLSKIE;0
XIII Bieg Walentynkowy;16-02-2025;luty;2025;5 km;DĄBROWA GÓRNICZA;ŚLĄSKIE;0
XI Bieg Walentynkowy Marcule;16-02-2025;luty;2025;5 km, 10 km;IŁŻA;MAZOWIECKIE;0
9. Krakowski Bieg Walentynkowy;16-02-2025;luty;2025;5 km;KRAKÓW;MAŁOPOLSKIE;0
EVEREST RUN 8848 - bieg i marsz NW;16-02-2025;luty;2025;8.8 km;SZCZECIN;ZACHODNIOPOMORSKIE;0
XIV Bieg im. ks. bp Adolfa Szelążka;16-02-2025;luty;2025;8.8 km;ŁUBIANKA;KUJAWSKO-POMORSKIE;0
XVIII KĄPIEL DLA ODWAŻNYCH;16-02-2025;luty;2025;;EŁK;WARMIŃSKO-MAZURSKIE;0
BIEG O PUCHAR WÓJTA GMINY MARKLOWICE W RAMACH OBCHODÓW 30 - LECIA GMINY MARKLOWICE;16-02-2025;luty;2025;5 km;MARKLOWICE;ŚLĄSKIE;0
XII Walentynkowy Bieg pod Najstarszą Sos...;16-02-2025;luty;2025;8.88 km;MIŃSK MAZOWIECKI;MAZOWIECKIE;0
"Puck, ""X Bieg Zaślubinowy „Od Hallera do Hallera” Władysławowo - Puck’ 2025""";16-02-2025;luty;2025;;PUCK;POMORSKIE;0
Bieg Puchacza - bieg nr.4;16-02-2025;luty;2025;6 km;BARLINEK;ZACHODNIOPOMORSKIE;0
XIII Bieg Walentynkowy;16-02-2025;luty;2025;5 km;DĄBROWA GÓRNICZA;ŚLĄSKIE;0
Witunia Weekend Maraton (16/2025);16-02-2025;luty;2025;42.195 km;WITUNIA;KUJAWSKO-POMORSKIE;0
Bieg o puchar Wójta gminy Marklowice;16-02-2025;luty;2025;5 km;WODZISŁAW ŚLĄSKI;ŚLĄSKIE;0
IX Dwumaraton Olęderski;16-02-2025;luty;2025;42.2 km;SĘKOWO;WIELKOPOLSKIE;0
VI Bieg Powstańczy;16-02-2025;luty;2025;10 km;WIJEWO;WIELKOPOLSKIE;0
9. Krakowski Bieg Walentynkowy;16-02-2025;luty;2025;5 km;KRAKÓW;MAŁOPOLSKIE;0
XVII Jelczańsko-Oławski Zimowy Maraton N...;16-02-2025;luty;2025;7.033 km;MIŁOSZYCE;DOLNOŚLĄSKIE;0
XLII Bieg Chomiczówki;16-02-2025;luty;2025;15 km;WARSZAWA;MAZOWIECKIE;0
Grand Prix CITY TRAIL;16-02-2025;luty;2025;5 km;BYDGOSZCZ;KUJAWSKO-POMORSKIE;0
Gorce Ultra-Trail Winter;22-02-2025;luty;2025;42 km;OCHOTNICA GÓRNA;MAŁOPOLSKIE;0
Wesołe Biegi Górskie 360;22-02-2025;luty;2025;10 km;WARSZAWA;MAZOWIECKIE;0
13 Cross Trzebnicki;22-02-2025;luty;2025;10 km;TRZEBNICA;DOLNOŚLĄSKIE;0
VII Cross wokół Małego Giewontu;22-02-2025;luty;2025;8 km;OLSZTYN;ŚLĄSKIE;0
Gliwicka Parkowa Prowokacja Biegowa-sezo...;22-02-2025;luty;2025;21.097 km;GLIWICE;ŚLĄSKIE;0
XV Bieg Górski Leszno-Grzybowo;22-02-2025;luty;2025;10 km;LESZNO;MAZOWIECKIE;0
Sztafeta Pomocy;22-02-2025;luty;2025;3.3 km;POZNAŃ;WIELKOPOLSKIE;0
Bieg na 6 łap;22-02-2025;luty;2025;3 km;BISKUPIEC;WARMIŃSKO-MAZURSKIE;0
Witunia Weekend Maraton (17/2025);22-02-2025;luty;2025;42.195 km;WITUNIA;KUJAWSKO-POMORSKIE;0
Zimowy Ultramaraton Karkonoski;22-02-2025;luty;2025;48 km;KARPACZ;DOLNOŚLĄSKIE;0
XI Dadajowy Bieg Morsa o Puchar Burmistr...;22-02-2025;luty;2025;10 km;BISKUPIEC;WARMIŃSKO-MAZURSKIE;0
Bieg Górski Leszno-Grzybowo;22-02-2025;luty;2025;10 km;LESZNO;MAZOWIECKIE;1
Cross Trzebnicki;22-02-2025;luty;2025;10 km;TRZEBNICA;DOLNOŚLĄSKIE;1
Zimowy Ultramaraton Karkonoski;22-02-2025;luty;2025;48.5 km;KARPACZ;DOLNOŚLĄSKIE;1
XVI Grand Prix Mysłowic O Puchar „...;22-02-2025;luty;2025;6.7 km;MYSŁOWICE;ŚLĄSKIE;0
,,Bieg Wyzwolenia Człuchowa upamiętniający 80 rocznicę drugiego powrotu do Polski”;23-02-2025;luty;2025;8 km;CZŁUCHÓW;POMORSKIE;0
"Garczyn, ""XII BIEG MORSA im. RADKA FLISIKOWSKIEGO""";23-02-2025;luty;2025;6 km;GARCZYN;POMORSKIE;0
3. Pietrasze Cross Country 4/5;23-02-2025;luty;2025;6.3 km;BIAŁYSTOK;PODLASKIE;0
45 Półmaraton Wiązowski;23-02-2025;luty;2025;21.097 km;WIĄZOWNA;MAZOWIECKIE;0
XVII Jelczańsko-Oławski Zimowy Maraton N...;23-02-2025;luty;2025;7.033 km;JELCZ-LASKOWICE;DOLNOŚLĄSKIE;0
Bieg II - XVIII Grand Prix Tychów w Biegach Długodystansowych 2025;23-02-2025;luty;2025;5 km, 10 km;PAPROCANY;ŚLĄSKIE;0
XIII Bieg Twardziela;23-02-2025;luty;2025;7 km;RACIBÓRZ;ŚLĄSKIE;0
10 biegów na 10-lecie;23-02-2025;luty;2025;6 km;LUBLINIEC;ŚLĄSKIE;0
Witunia Weekend Maraton (18/2025);23-02-2025;luty;2025;42.195 km;WITUNIA;KUJAWSKO-POMORSKIE;0
XIII Bieg Twardziela;23-02-2025;luty;2025;7 km;RACIBÓRZ;ŚLĄSKIE;0
Cytadela by Night # 99;25-02-2025;luty;2025;5 km;POZNAŃ;WIELKOPOLSKIE;0
"Kobylnica, ""Puchar Kobylnicy 1/3 - Bieg Pączka""";27-02-2025;luty;2025;;KOBYLNICA;POMORSKIE;0
"Ostrołęka, ""Bal Biegacza z kijeczkami 2025""";28-02-2025;luty;2025;;OSTROŁĘKA;MAZOWIECKIE;0
Witunia Weekend Maraton (19/2025);01-03-2025;marzec;2025;42.195 km;WITUNIA;KUJAWSKO-POMORSKIE;0
ultra ZADEK;01-03-2025;marzec;2025;100 km;KĘDZIERZYN-KOŹLE;OPOLSKIE;0
XIII Zimowy Bieg Dębowy;01-03-2025;marzec;2025;15 km;DĄBROWA;KUJAWSKO-POMORSKIE;0
Grand Prix Dziewiczej Góry w Biegach Gór...;01-03-2025;marzec;2025;10 km;CZERWONAK;WIELKOPOLSKIE;0
Grand Prix Dziewiczej Góry w Biegach Gór...;01-03-2025;marzec;2025;5 km;DZIEWICZA GÓRA;ŚWIĘTOKRZYSKIE;0
1 Bieg Niezłomnych;01-03-2025;marzec;2025;5 km;LUBOŃ;WIELKOPOLSKIE;0
Bieg Wilczym Tropem;01-03-2025;marzec;2025;10 km;DWOREK;POMORSKIE;0
XXI Zimowe Biegi Górskie Falenica;01-03-2025;marzec;2025;10 km;WARSZAWA;MAZOWIECKIE;0
Zimowy Bojko Trail;01-03-2025;marzec;2025;40 km;LUTOWISKA;PODKARPACKIE;0
Ultra Zadek;01-03-2025;marzec;2025;50.5 km, 71 km, 101.5 km;KĘDZIERZYN-KOŹLE;OPOLSKIE;1
Ultramaraton Szlakiem Kotła Świdwińskiego;01-03-2025;marzec;2025;60 km;ŚWIDWIN;ZACHODNIOPOMORSKIE;1
10 Bieg Pamięci Żołnierzy Wyklętych;01-03-2025;marzec;2025;1.5 km;OBORNIKI;WIELKOPOLSKIE;0
Grand Prix CITY TRAIL;01-03-2025;marzec;2025;5 km;WROCŁAW;DOLNOŚLĄSKIE;0
ultra ZADEK 2025;01-03-2025;marzec;2025;30 km, 50 km, 70 km, 100 km;KĘDZIERZYN-KOŹLE;OPOLSKIE;0
III Ultramaraton Szlakiem Kotła Świdwińs...;01-03-2025;marzec;2025;60 km;ŚWIDWIN;ZACHODNIOPOMORSKIE;0
Witunia Weekend Maraton (20/2025);02-03-2025;marzec;2025;42.195 km;WITUNIA;KUJAWSKO-POMORSKIE;0
Tropem Wilczym;02-03-2025;marzec;2025;5 km;POLICE;ZACHODNIOPOMORSKIE;0
Arm Race Ultra Góra Kamieńsk;02-03-2025;marzec;2025;45 km;KAMIEŃSK;ŁÓDZKIE;0
Tropem Wilczym;02-03-2025;marzec;2025;1.963 km;DOBRE MIASTO;WARMIŃSKO-MAZURSKIE;0
Tropem Wilczym;02-03-2025;marzec;2025;10 km;OPOLE;OPOLSKIE;0
Tropem Wilczym w Ustrzykach Dolnych 2025;02-03-2025;marzec;2025;;USTRZYKI DOLNE;PODKARPACKIE;0
"TROPEM WILCZYM
BIEG PAMIĘCI ŻOŁNIERZY WYKLĘTYCH - BIEGI DZIECI";02-03-2025;marzec;2025;400 m;ZGORZELEC;DOLNOŚLĄSKIE;0
XI BIEG TROPEM WILCZYM pamięci Braci Cieślów i Braci Olejarków;02-03-2025;marzec;2025;9 km, 480 m;PRZEWORSK;PODKARPACKIE;0
"TROPEM WILCZYM
BIEG PAMIĘCI ŻOŁNIERZY WYKLĘTYCH";02-03-2025;marzec;2025;1 km, 5 km;ZGORZELEC;DOLNOŚLĄSKIE;0
Bieg Tropem Wilczym Widacz 2025;02-03-2025;marzec;2025;5 km;WIDACZ;PODKARPACKIE;0
BIEG PAMIĘCI ŻOŁNIERZY WYKLĘTYCH;02-03-2025;marzec;2025;5 km, 10 km, 100 m, 250 m, 423 m;JADOWNIKI;MAŁOPOLSKIE;0
Tropem Wilczym. Bieg Pamięci Żołnierzy Wyklętych;02-03-2025;marzec;2025;1.963 km, 5 km;BIAŁA PODLASKA;LUBELSKIE;0
"TROPEM WILCZYM
BIEG PAMIĘCI ŻOŁNIERZY WYKLĘTYCH";02-03-2025;marzec;2025;5 km;ZGIERZ;ŁÓDZKIE;0
Bieg Karnawałowy;02-03-2025;marzec;2025;10 km;PUSZCZYKOWO;WIELKOPOLSKIE;0
Tropem Wilczym;02-03-2025;marzec;2025;3.926 km;OLSZTYN;ŚLĄSKIE;0
„Tropem Wilczym” BLIZNA 2025;02-03-2025;marzec;2025;5 km;BLIZNA;PODKARPACKIE;0
Bieg Pamięci Żołnierzy Wyklętych „Tropem Wilczym” Bukowsko;02-03-2025;marzec;2025;10 km;BUKOWSKO;PODKARPACKIE;0
„Tropem Wilczym” Jarosław 2025 - BIEG 1963m;02-03-2025;marzec;2025;;JAROSŁAW;PODKARPACKIE;0
„Tropem Wilczym” Jarosław 2025 - BIEG 4KM;02-03-2025;marzec;2025;;JAROSŁAW;PODKARPACKIE;0
Tropem Wilczym Ełk 2025;02-03-2025;marzec;2025;;EŁK;WARMIŃSKO-MAZURSKIE;0
13 Bieg Tropem Wilczym;02-03-2025;marzec;2025;5 km;LUBARTÓW;LUBELSKIE;0
Tropem Wilczym;02-03-2025;marzec;2025;5 km;OŚWIĘCIM;MAŁOPOLSKIE;0
Dziesiatka Wroactiv;02-03-2025;marzec;2025;10 km;WROCŁAW;DOLNOŚLĄSKIE;0
"Rumia, ""Bieg Pamięci Żołnierzy Wyklętych ""Tropem Wilczym""""";02-03-2025;marzec;2025;;RUMIA;POMORSKIE;0
"BIAŁYSTOK, ""XIII EDYCJA BIEGU PAMIĘCI ŻOŁNIERZY WYKLĘTYCH ""TROPEM WILCZYM""""";02-03-2025;marzec;2025;;BIAŁYSTOK;PODLASKIE;0
Tropem Wilczym;02-03-2025;marzec;2025;5 km;BRZYSKORZYSTEW;KUJAWSKO-POMORSKIE;0
49 Bieg Piastów Festiwal Narciarstwa Biegowego IX MEMORIAŁ STANISŁAWA MICHONIA 15 km CT;02-03-2025;marzec;2025;15 km;JAKUSZYCE;DOLNOŚLĄSKIE;0
"""Tropem Wilczym"" Bieg Pamięci Żołnierzy Wyklętych - XIII Edycja";02-03-2025;marzec;2025;;WOLSZTYN;WIELKOPOLSKIE;0
8. Dziesiątka WROACTIV;02-03-2025;marzec;2025;10 km;WROCŁAW;DOLNOŚLĄSKIE;0
Bieg Przedszkolaka;02-03-2025;marzec;2025;;JAKUSZYCE;DOLNOŚLĄSKIE;0
Tropem Wilczym 2025 - Lwówek;02-03-2025;marzec;2025;5 km;LWÓWEK;WIELKOPOLSKIE;0
Dziecięcy Bieg WROACTIV;02-03-2025;marzec;2025;;WROCŁAW;DOLNOŚLĄSKIE;0
Węgorzewo Biegnie Tropem Wilczym. Bieg Pamięci Żołnierzy Wyklętych;02-03-2025;marzec;2025;2 km;WĘGORZEWO;WARMIŃSKO-MAZURSKIE;0
XIII Bieg Tropem Wilczym - OSTROŁĘKA 2025;02-03-2025;marzec;2025;2 km, 5 km;OSTROŁĘKA;MAZOWIECKIE;0
Tropem Wilczym Opole - Bieg Pamięci Żołnierzy Wyklętych 2025;02-03-2025;marzec;2025;1.963 km, 10 km;OPOLE;OPOLSKIE;0
XIII Bieg Tropem Wilczym;02-03-2025;marzec;2025;1.963 km, 5 km;OSTRÓW MAZOWIECKA;MAZOWIECKIE;0
Bieg Pamieci Żołnierzy Wyklętych;02-03-2025;marzec;2025;6 km;ZAKOPANE;MAŁOPOLSKIE;0
Tropem Wilczym , Bieg Pamięci Żołnierzy Wyklętych Sochaczew 2025;02-03-2025;marzec;2025;0.1 km, 0.2 km, 0.4 km, 0.6 km, 5.5 km;SOCHACZEW;MAZOWIECKIE;0
Biegi Hrabiego 2025;02-03-2025;marzec;2025;10 km, 20 km, 35 km, 50 km, 70 km;ŁAŃCUT;PODKARPACKIE;0
Bieg TROPEM WILCZYM - Dynów 2025;02-03-2025;marzec;2025;;DYNÓW;PODKARPACKIE;0
XIII Grand Prix Krakowa;02-03-2025;marzec;2025;11 km;KRAKÓW;MAŁOPOLSKIE;0
Grand Prix CITY TRAIL;02-03-2025;marzec;2025;5 km;KATOWICE;ŚLĄSKIE;0
Bieg Tropem Wilczym;02-03-2025;marzec;2025;6.5 km;RABSZTYN;MAŁOPOLSKIE;0
"Ustka, ""Baltic Challenge – III Nadmorskie Mistrzostwa Nordic Walking na 5 km""";02-03-2025;marzec;2025;5 km;USTKA;POMORSKIE;0
"Lubowidz, ""VI Lubowidz Czelendż""";02-03-2025;marzec;2025;9 km;LUBOWIDZ;MAZOWIECKIE;0
"Ustka, ""Baltic Challenge Kids – Bieg Przedszkolaka!""";02-03-2025;marzec;2025;;USTKA;POMORSKIE;0
"Dzierzgoń, ""IV Bieg Tropem Wilczym Pamięci Żołnierzy Wyklętych w Dzierzgoniu """;02-03-2025;marzec;2025;5 km;DZIERZGOŃ;POMORSKIE;0
"Tczew, ""„Tropem Wilczym. Bieg Pamięci Żołnierzy Wyklętych”""";02-03-2025;marzec;2025;;TCZEW;POMORSKIE;0
TROPEM WILCZYM. BIEG PAMIĘCI ŻOŁNIERZY WYKLĘTYCH;02-03-2025;marzec;2025;2 km, 10 km;PAPROCANY;ŚLĄSKIE;0
"Skórcz, ""IX Bieg Żołnierzy Wyklętych pamięci Zdzisława Badochy ps.”Żelazny”""";02-03-2025;marzec;2025;8 km;SKÓRCZ;POMORSKIE;0
49 Bieg Piastów Festiwal Narciarstwa Biegowego NOCNA DWUNASTKA;03-03-2025;marzec;2025;12 km;JAKUSZYCE;DOLNOŚLĄSKIE;0
X NOCNY BIEG Pamięci Żołnierzy Wyklętych im. cc płk. Adama Boryczki;07-03-2025;marzec;2025;6 km, 10 km;BOBROWNIKI MAŁE;MAŁOPOLSKIE;0
Hardcorowa Kumowa;08-03-2025;marzec;2025;30 km;CHEŁM;LUBELSKIE;0
Witunia Weekend Maraton (21/2025);08-03-2025;marzec;2025;42.195 km;WITUNIA;KUJAWSKO-POMORSKIE;0
"Wrocławska Dycha Wiosna
Wrocławska Piątka Wiosna";08-03-2025;marzec;2025;5 km, 10 km;WROCŁAW;DOLNOŚLĄSKIE;0
Grand Prix CITY TRAIL;08-03-2025;marzec;2025;5 km;SZCZECIN;ZACHODNIOPOMORSKIE;0
Grand Prix CITY TRAIL;08-03-2025;marzec;2025;5 km;LUBLIN;LUBELSKIE;0
Warta Challenge Marathon&Half;08-03-2025;marzec;2025;42.195 km;ŁYSY MŁYN;WIELKOPOLSKIE;0
XII BIEG Fundacji ŚLĄSKIE ANIOŁY;08-03-2025;marzec;2025;5 km;KATOWICE;ŚLĄSKIE;0
Wesołe Biegi Górskie 360;08-03-2025;marzec;2025;10 km;WARSZAWA;MAZOWIECKIE;0
9. DZIEŃ KOBIET w RAJTUZACH;08-03-2025;marzec;2025;2 km;RYBNIK;ŚLĄSKIE;0
Wrocławska Dycha WIOSNA, Wrocławska Piątka WIOSNA;08-03-2025;marzec;2025;5 km, 10 km;WROCŁAW;DOLNOŚLĄSKIE;0
Great Kids;08-03-2025;marzec;2025;;WROCŁAW;DOLNOŚLĄSKIE;0
Wrocławska Dycha Kobiet - wiosna;08-03-2025;marzec;2025;5 km, 10 km;WROCŁAW;DOLNOŚLĄSKIE;0
LADIES RUN & NORDIC WALKING;08-03-2025;marzec;2025;;KWIDZYN;POMORSKIE;0
Towarzyski Maraton Leśnym Szlakiem #20;08-03-2025;marzec;2025;42.2 km;ŁÓDŹ;ŁÓDZKIE;0
BELTOR HARDCOROWA KUMOWA;08-03-2025;marzec;2025;10 km, 30 km;KUMOWA DOLINA;LUBELSKIE;0
VII Bieg Zmarżlaka;08-03-2025;marzec;2025;10 km;LASKI;MAZOWIECKIE;0
Cross maraton u Ryśka vol 70;08-03-2025;marzec;2025;42.5 km;WIELUŃ;ŁÓDZKIE;0
Grand Prix CITY TRAIL;09-03-2025;marzec;2025;5 km;ŁÓDŹ;ŁÓDZKIE;0
VII Kurpiowski Bieg Morsa oraz Marsz Nordic Walking;09-03-2025;marzec;2025;0.1 km, 0.2 km, 0.3 km, 0.4 km, 0.6 km, 5 km, 10 km;SERAFIN;WARMIŃSKO-MAZURSKIE;0
X Myślenicki Bieg Uliczny;09-03-2025;marzec;2025;10 km;MYŚLENICE;MAŁOPOLSKIE;0
BIEG WIOSENNY Z OKAZJI DNIA KOBIET;09-03-2025;marzec;2025;5 km;BILCZA;ŚWIĘTOKRZYSKIE;0
Medicover Sport 2. Krakowski Bieg Kobiet;09-03-2025;marzec;2025;5 km;KRAKÓW;MAŁOPOLSKIE;0
XV Bieg Charytatywny;09-03-2025;marzec;2025;5 km;SIEMCZYNO;ZACHODNIOPOMORSKIE;0
Bieg Piastów;09-03-2025;marzec;2025;25 km;SZKLARSKA PORĘBA;DOLNOŚLĄSKIE;0
Cygańska Pętla 2;09-03-2025;marzec;2025;7 km;POLANA KIELARSKA;WARMIŃSKO-MAZURSKIE;0
Hardcorowa Kumowa;09-03-2025;marzec;2025;10 km, 29.5 km;CHEŁM;LUBELSKIE;1
Witunia Weekend Maraton (22/2025);09-03-2025;marzec;2025;42.195 km;WITUNIA;KUJAWSKO-POMORSKIE;0
"Pruszcz Gdański, ""Półmaraton Pruszcz Gdański'25 i Piątka na Radunią""";09-03-2025;marzec;2025;5 km, 21.097 km;PRUSZCZ GDAŃSKI;POMORSKIE;0
15. SANPROBI Bieg Kobiet;09-03-2025;marzec;2025;5 km;SZCZECIN;ZACHODNIOPOMORSKIE;0
Grand Prix CITY TRAIL;09-03-2025;marzec;2025;5 km;POZNAŃ;WIELKOPOLSKIE;0
X Myślenicki Bieg Uliczny;09-03-2025;marzec;2025;10 km;MYŚLENICE;MAŁOPOLSKIE;0
SANPROBI MINIBieg Kobiet;09-03-2025;marzec;2025;1 km;SZCZECIN;ZACHODNIOPOMORSKIE;0
Cytadela by Night # 100;11-03-2025;marzec;2025;5 km;POZNAŃ;WIELKOPOLSKIE;0
"21 Recordowa Dziesiątka
11 Nocna Recordowa Piątka";15-03-2025;marzec;2025;5 km, 10 km;POZNAŃ;WIELKOPOLSKIE;0
Grand Prix CITY TRAIL;15-03-2025;marzec;2025;5 km;OLSZTYN;ŚLĄSKIE;0
21 Recordowa Dziesiątka;15-03-2025;marzec;2025;5 km, 10 km;POZNAŃ;WIELKOPOLSKIE;0
38. Strzeliński Rogaining;15-03-2025;marzec;2025;;STRZELIN;DOLNOŚLĄSKIE;0
XXI Zimowe Biegi Górskie Falenica;15-03-2025;marzec;2025;10 km;WARSZAWA;MAZOWIECKIE;0
Zimowy Baran Trail Race;15-03-2025;marzec;2025;60 km;WĘGIERSKA GÓRKA;ŚLĄSKIE;0
VIII Chwaszczyńska 10;15-03-2025;marzec;2025;10 km;CHWASZCZYNO;POMORSKIE;0
Witunia Weekend Maraton (23/2025);15-03-2025;marzec;2025;42.195 km;WITUNIA;KUJAWSKO-POMORSKIE;0
"Gdańsk, ""#RUNGDN Sobieszewo""";15-03-2025;marzec;2025;5 km;GDAŃSK;POMORSKIE;0
IX Dwumaraton Olęderski;15-03-2025;marzec;2025;42.8 km;JASTRZĘBSKO STARE;WIELKOPOLSKIE;0
Wrocławska Trzydziestka - 30 km, 25, 20, 15, 10, 5;16-03-2025;marzec;2025;5 km, 10 km, 15 km, 20 km, 25 km, 30 km;WROCŁAW;DOLNOŚLĄSKIE;0
Grand Prix CITY TRAIL;16-03-2025;marzec;2025;5 km;GDAŃSK;POMORSKIE;0
IX Dwumaraton Olęderski;16-03-2025;marzec;2025;42.8 km;JASTRZĘBSKO STARE;WIELKOPOLSKIE;0
Wrocławska Trzydziestka;16-03-2025;marzec;2025;30 km;WROCŁAW;DOLNOŚLĄSKIE;0
XIII Panewnicki Bieg Dzika (03);16-03-2025;marzec;2025;19.528 km;KATOWICE;ŚLĄSKIE;0
IX Grand Prix Zadyszki Oświęcim;16-03-2025;marzec;2025;7 km;OŚWIĘCIM;MAŁOPOLSKIE;0
"39 Kołobrzeska 15-stka Zaślubin
Mistrzostwa Powiatu Kołobrzeskiego na dy...";16-03-2025;marzec;2025;15 km;KOŁOBRZEG;ZACHODNIOPOMORSKIE;0
Bieg Trzech Wież;16-03-2025;marzec;2025;5 km, 10 km;BIAŁA;ŁÓDZKIE;0
BIEG PRZEŁAJOWY im. Bronisława Czecha wiosna 2025;16-03-2025;marzec;2025;4 km, 6 km;KRAKÓW;MAŁOPOLSKIE;0
„KRAKOSKIKROS” wiosna 2025 Bieg przełajowy DLA DZIECI I MŁODZIEŻY;16-03-2025;marzec;2025;0.1 km, 0.3 km, 0.5 km, 0.8 km, 1 km, 2 km;KRAKÓW;MAŁOPOLSKIE;0
Odlotowa5;16-03-2025;marzec;2025;5 km;BYDGOSZCZ;KUJAWSKO-POMORSKIE;0
BackYard Ultra Warmia;21-03-2025;marzec;2025;6.706 km;OLSZTYN;ŚLĄSKIE;0
6. Bieg Ogińskiej - Biegi dla dzieci;22-03-2025;marzec;2025;0.3 km, 0.6 km;SIEDLCE;MAZOWIECKIE;0
7. Dycha z Górką;22-03-2025;marzec;2025;5 km, 10 km;OBORNIKI ŚLĄSKIE;DOLNOŚLĄSKIE;0
Grand Prix CITY TRAIL Warszawa;22-03-2025;marzec;2025;5 km;WARSZAWA;MAZOWIECKIE;0
Grand Prix CITY TRAIL;22-03-2025;marzec;2025;5 km;WARSZAWA;MAZOWIECKIE;0
Ultra Świr;22-03-2025;marzec;2025;17 km;PTASZKOWA;MAŁOPOLSKIE;0
Bieg Wiosenny w Parku Śląskim;22-03-2025;marzec;2025;10 km;CHORZÓW;ŚLĄSKIE;0
Wesołe Biegi Górskie 360;22-03-2025;marzec;2025;10 km;WARSZAWA;MAZOWIECKIE;0
21 Krakowski Półmaraton Marzanny;22-03-2025;marzec;2025;21.097 km;KRAKÓW;MAŁOPOLSKIE;0
6. Bieg Ogińskiej;22-03-2025;marzec;2025;5 km, 10 km;SIEDLCE;MAZOWIECKIE;0
Kwidzyński Leśny Festiwal Biegowy - Wiosna 2025;22-03-2025;marzec;2025;10 km, 21.097 km, 42.195 km;KWIDZYN;POMORSKIE;0
9 BIEG KOPERNIKA;22-03-2025;marzec;2025;5 km;RYBNIK;ŚLĄSKIE;0
Charytatywny Bieg Żonkilowa Piątka;22-03-2025;marzec;2025;5 km;OPOLE;OPOLSKIE;0
Beach #RUNinSOPOT - etap 3;22-03-2025;marzec;2025;6 km;SOPOT;POMORSKIE;0
Szczeciński Bieg Klimatyczny;22-03-2025;marzec;2025;5 km;SZCZECIN;ZACHODNIOPOMORSKIE;0
"Sopot, ""#RUNinSOPOT po Plaży - III edycja""";22-03-2025;marzec;2025;6 km;SOPOT;POMORSKIE;0
Ultramaraton Zielonogórski Nowe Granice;22-03-2025;marzec;2025;22.5 km, 48.5 km, 103.5 km;ZIELONA GÓRA;LUBUSKIE;1
Wiosenny Ultra Świr;22-03-2025;marzec;2025;17 km;PTASZKOWA;MAŁOPOLSKIE;1
X Maraton Chwałowicki;22-03-2025;marzec;2025;42.2 km;CHWAŁOWICE;MAŁOPOLSKIE;0
I SZCZECIŃSKI BIEG KLIMATYCZNY;22-03-2025;marzec;2025;5 km;SZCZECIN;ZACHODNIOPOMORSKIE;0
12 Luboń Track;22-03-2025;marzec;2025;3 km;LUBOŃ;WIELKOPOLSKIE;0
"Pyrzycka Szybka Dycha
Bieg Smoka - Pyrzycki Bieg Dzieci";23-03-2025;marzec;2025;5 km, 10 km;PYRZYCE;ZACHODNIOPOMORSKIE;0
"Sopot, ""VII TRÓJMIEJSKIEGO ZLOTU MORSÓW „TOPIENIE MARZANNY” W SOPOCIE""";23-03-2025;marzec;2025;;SOPOT;POMORSKIE;0
"Bolszewo, ""Bicie Rekordu Polski w jednoczesnej grze na akordeonach""";23-03-2025;marzec;2025;;BOLSZEWO;POMORSKIE;0
FALSTARTOWA TRIADA 2025;23-03-2025;marzec;2025;1 km, 3 km, 5.7 km;ODCINEK;OPOLSKIE;0
Dziki Bieg - Wiosna;23-03-2025;marzec;2025;13 km;WARSZAWA;MAZOWIECKIE;1
Przybij Piątkę z Gabrysiem;23-03-2025;marzec;2025;5 km;BUDY GŁOGOWSKIE;PODKARPACKIE;0
Aquathlon Rzeszów 2025;23-03-2025;marzec;2025;;RZESZÓW;PODKARPACKIE;0
3. Pietrasze Cross Country 5/5;23-03-2025;marzec;2025;6.3 km;BIAŁYSTOK;PODLASKIE;0
Grand Prix CITY TRAIL;23-03-2025;marzec;2025;5 km;BYDGOSZCZ;KUJAWSKO-POMORSKIE;0
4. CROSS KROTOSZYŃSKI;23-03-2025;marzec;2025;;KROTOSZYN;WIELKOPOLSKIE;0
24. PKO Półmaraton dookoła Jeziora Żywie...;23-03-2025;marzec;2025;21.097 km;ŻYWIEC;ŚLĄSKIE;0
Bieg po Bańkę Mleka;23-03-2025;marzec;2025;10 km;TRZEBIESZOWICE;DOLNOŚLĄSKIE;0
Kibolska Dycha;23-03-2025;marzec;2025;10 km;POZNAŃ;WIELKOPOLSKIE;0
Odlotowa5;23-03-2025;marzec;2025;5 km;SZYMANY;WARMIŃSKO-MAZURSKIE;0
11 Harpagańska Dycha;23-03-2025;marzec;2025;10 km;SOSNOWIEC;ŚLĄSKIE;0
XLI Perła Paprocan;23-03-2025;marzec;2025;42.195 km;TYCHY;ŚLĄSKIE;0
Bieg z Pazurem;23-03-2025;marzec;2025;6 km;RADZYMIN;MAZOWIECKIE;0
24. PKO Półmaraton dookoła Jeziora Żywieckiego;23-03-2025;marzec;2025;21.097 km;ŻYWIEC;ŚLĄSKIE;0
Powitanie Wiosny 2025;23-03-2025;marzec;2025;0.2 km, 0.4 km, 0.5 km, 0.6 km, 0.8 km, 5 km;MIŃSK MAZOWIECKI;MAZOWIECKIE;0
II Sulmierzycka wiosenna 10;23-03-2025;marzec;2025;1 km, 10 km;SULMIERZYCE;ŁÓDZKIE;0
III Bieg po Bańkę Mleka, II Bieg po Byczy Róg;23-03-2025;marzec;2025;10 km, 21 km;TRZEBIESZOWICE;DOLNOŚLĄSKIE;0
VI Bieg i Nordic Walking „Szukamy Bociana”;23-03-2025;marzec;2025;6 km, 12 km;HORYNIEC-ZDRÓJ;PODKARPACKIE;0
"""Zabiegaj Puszczaka"" Kurpiowski bieg z Przeszkodami";23-03-2025;marzec;2025;1 km, 5 km, 10 km;ŁODZISKA;MAZOWIECKIE;0
XLI Perła Paprocan;23-03-2025;marzec;2025;;TYCHY;ŚLĄSKIE;0
Keep Run Malta #50;25-03-2025;marzec;2025;5 km;POZNAŃ;WIELKOPOLSKIE;0
Duch Pogórza;28-03-2025;marzec;2025;200 km;DUBIECKO;PODKARPACKIE;0
Waligóra Run Cross;29-03-2025;marzec;2025;27.5 km, 52 km;GŁUSZYCA;DOLNOŚLĄSKIE;1
8 Waligóra Run Cross;29-03-2025;marzec;2025;52 km;GŁUSZYCA;DOLNOŚLĄSKIE;0
"Gdańsk, ""#RUNGDN Jasień""";29-03-2025;marzec;2025;5 km;GDAŃSK;POMORSKIE;0
Na Przijmo bez Gaszowice i Okolice;29-03-2025;marzec;2025;50 km;GASZOWICE;ŚLĄSKIE;0
XV Maraton Jastrowski;29-03-2025;marzec;2025;42.195 km;JASTROWIE;WIELKOPOLSKIE;0
Gliwicka Parkowa Prowokacja Biegowa-sezo...;29-03-2025;marzec;2025;21.097 km;GLIWICE;ŚLĄSKIE;0
"17 Półmaraton Ślężański
Piątka Ślężysława";29-03-2025;marzec;2025;5 km, 21.097 km;SOBÓTKA;DOLNOŚLĄSKIE;0
17. Półmaraton Ślężański i Piątka Ślężysława;29-03-2025;marzec;2025;5 km, 21.097 km;SOBÓTKA;DOLNOŚLĄSKIE;0
19. Półmaraton Warszawski;30-03-2025;marzec;2025;5 km, 21.097 km;WARSZAWA;MAZOWIECKIE;0
XI Ostrowski ICE MAT Półmaraton pod Patronatem Prezydenta Miasta Ostrowa Wielkopolskiego;30-03-2025;marzec;2025;7 km, 21.097 km;OSTRÓW WIELKOPOLSKI;WIELKOPOLSKIE;0
Wiosenne Zabieganie;30-03-2025;marzec;2025;6.6 km;ŁÓDŹ;ŁÓDZKIE;0
XI Ostrowski Półmaraton;30-03-2025;marzec;2025;21.097 km;OSTRÓW WIELKOPOLSKI;WIELKOPOLSKIE;0
Bieg III - XVIII Grand Prix Tychów w Biegach Długodystansowych 2025;30-03-2025;marzec;2025;5 km, 10 km;PAPROCANY;ŚLĄSKIE;0
4 Bieg Strażaka;30-03-2025;marzec;2025;5 km, 988 km;WIELUŃ;ŁÓDZKIE;0
Marcinka Cross Challenge;30-03-2025;marzec;2025;10 km;TARNÓW;MAŁOPOLSKIE;0
Niebieska Fala;30-03-2025;marzec;2025;10 km;POZNAŃ;WIELKOPOLSKIE;0
"Skarszewy, ""„ X Borówno Cross” - Bieg wokół jeziora Borówno Wielkie""";30-03-2025;marzec;2025;5.5 km;SKARSZEWY;POMORSKIE;0
5 Biegam z Czystą przyjemnością;30-03-2025;marzec;2025;5 km;WROCŁAW;DOLNOŚLĄSKIE;0
16. Błękitna Wstęga Balatonu;30-03-2025;marzec;2025;0.2 km, 0.4 km, 0.8 km, 1.6 km, 5 km, 10 km;WODZISŁAW ŚLĄSKI;ŚLĄSKIE;0
5 Biegam z czystą przyjemnością;30-03-2025;marzec;2025;10 km;CHORZÓW;ŚLĄSKIE;0
CHARYTATYWNY BIEG oraz MARSZ NORDIC WALKING „DLA MATEUSZA”;30-03-2025;marzec;2025;10 km;RACIBÓRZ;ŚLĄSKIE;0
Siedlecki Maraton na Raty;04-04-2025;kwiecień;2025;42.195 km;SIEDLCE;MAZOWIECKIE;0
DOZ Maraton Łódź;04-04-2025;kwiecień;2025;10 km, 42.195 km;ŁÓDŹ;ŁÓDZKIE;0
Siedlecki Maraton na Raty;04-04-2025;kwiecień;2025;21 km, 42 km;SIEDLCE;MAZOWIECKIE;0
Patrol Graniczny VI;05-04-2025;kwiecień;2025;53 km;OPAWA;DOLNOŚLĄSKIE;0
Botaniczna Piątka;05-04-2025;kwiecień;2025;5 km;POZNAŃ;WIELKOPOLSKIE;0
Bieg Kids Run podczas Imprezy pod nazwą DOZ Maraton Łódź 2025;05-04-2025;kwiecień;2025;;ŁÓDŹ;ŁÓDZKIE;0
Bieg Europejski;05-04-2025;kwiecień;2025;10 km;GNIEZNO;WIELKOPOLSKIE;0
OSHEE Bieg Nocny na 10 km;05-04-2025;kwiecień;2025;10 km;KRAKÓW;MAŁOPOLSKIE;0
22. Bieg Europejski;05-04-2025;kwiecień;2025;10 km;GNIEZNO;WIELKOPOLSKIE;0
"Górzno, ""Dworek Wapionka MTB Maraton'25""";05-04-2025;kwiecień;2025;30 km, 60 km;GÓRZNO;KUJAWSKO-POMORSKIE;0
Cracovia Maraton na Rolkach;05-04-2025;kwiecień;2025;42.195 km;KRAKÓW;MAŁOPOLSKIE;0
I Prudnicki Bieg Górski;05-04-2025;kwiecień;2025;10 km;PRUDNIK;OPOLSKIE;0
13 Pielgrzymka Maratońska;06-04-2025;kwiecień;2025;62 km;BYTÓW;POMORSKIE;0
22 Cracovia Maraton;06-04-2025;kwiecień;2025;42.195 km;KRAKÓW;MAŁOPOLSKIE;0
Gdańsk Maraton;06-04-2025;kwiecień;2025;42.195 km;GDAŃSK;POMORSKIE;0
XIII Panewnicki Bieg Dzika (04);06-04-2025;kwiecień;2025;19.528 km;KATOWICE;ŚLĄSKIE;0
40 Biegi Przełajowe;06-04-2025;kwiecień;2025;6 km;KOBYLA GÓRA;WIELKOPOLSKIE;0
38. Bieg Sokoła;06-04-2025;kwiecień;2025;15 km;BUKÓWIEC GÓRNY;WIELKOPOLSKIE;0
Bieg Trzech Wzgórz;06-04-2025;kwiecień;2025;10 km;WROCŁAW;DOLNOŚLĄSKIE;0
18. Półmaraton Rzeszowski;06-04-2025;kwiecień;2025;21.097 km;RZESZÓW;PODKARPACKIE;0
22. Cracovia Maraton dla Zawodników z niepełnosprawnościami startujących na wózkach;06-04-2025;kwiecień;2025;;KRAKÓW;MAŁOPOLSKIE;0
Botaniczna Piątka;06-04-2025;kwiecień;2025;5 km;WARSZAWA;MAZOWIECKIE;0
22. Cracovia Maraton;06-04-2025;kwiecień;2025;42.195 km;KRAKÓW;MAŁOPOLSKIE;0
Sztafety Ekiden podczas imprezy pod nazwą DOZ Maraton Łódź 2025;06-04-2025;kwiecień;2025;;ŁÓDŹ;ŁÓDZKIE;0
Sztafeta HALF&HALF MARATON podczas imprezy pod nazwą DOZ Maraton Łódź 2025;06-04-2025;kwiecień;2025;42.195 km;ŁÓDŹ;ŁÓDZKIE;0
Bieg na 10km podczas Imprezy pod nazwą DOZ Maraton Łódź 2025;06-04-2025;kwiecień;2025;10 km;ŁÓDŹ;ŁÓDZKIE;0
VII Charytatywny Bieg i Marsz Nordic Walking „Z sercem na dłoni”;06-04-2025;kwiecień;2025;5.5 km;GMINNY OŚRODEK KULTURY I REKREACJI;;0
"Starogard Gdański, ""41. Bieg Szpęgawski z AQ""";06-04-2025;kwiecień;2025;;STAROGARD GDAŃSKI;POMORSKIE;0
DOZ Maraton Łódź;06-04-2025;kwiecień;2025;42.195 km;ŁÓDŹ;ŁÓDZKIE;0
Bieg Kreta;09-04-2025;kwiecień;2025;148 km, 379.5 km;SOBÓTKA;DOLNOŚLĄSKIE;1
11. Bieg Kreta 2025;09-04-2025;kwiecień;2025;148 km;SOBÓTKA;DOLNOŚLĄSKIE;0
"Gdańsk, ""#RUNGDN Oliwa""";12-04-2025;kwiecień;2025;5 km;GDAŃSK;POMORSKIE;0
"Gdańsk, ""Goń Zajączka- bieg charytatywny - stacjonarny""";12-04-2025;kwiecień;2025;;GDAŃSK;POMORSKIE;0
Leśny Bieg Zająca;12-04-2025;kwiecień;2025;0.1 km, 0.2 km, 0.5 km, 5 km, 10 km;SOKOŁÓW PODLASKI;MAZOWIECKIE;0
6 Nocna Dycha;12-04-2025;kwiecień;2025;10 km;BRZEG;OPOLSKIE;0
Ultramaraton DG24h;12-04-2025;kwiecień;2025;24 km;DĄBROWA GÓRNICZA;ŚLĄSKIE;0
Ultra miles of Beskid Wyspowy;12-04-2025;kwiecień;2025;60 km;ŁĄCKO;MAŁOPOLSKIE;0
Towarzyskie Mistrzostwa Polski w 12-godz...;12-04-2025;kwiecień;2025;12 km;MORĄG;WARMIŃSKO-MAZURSKIE;0
Kudowska Sztafeta Górska;12-04-2025;kwiecień;2025;29.5 km, 41.5 km, 75.5 km;KUDOWA-ZDRÓJ;DOLNOŚLĄSKIE;1
XXXV Bieg im. Tomasza Hopfera;12-04-2025;kwiecień;2025;10 km;JANOWIEC WIELKOPOLSKI;KUJAWSKO-POMORSKIE;0
Bieg Stulecia Podkowy Leśnej;12-04-2025;kwiecień;2025;10 km;PODKOWA LEŚNA;MAZOWIECKIE;0
Bieg Stulecia w Podkowie Leśnej;12-04-2025;kwiecień;2025;10 km;PODKOWA LEŚNA;MAZOWIECKIE;0
XXXV Bieg im. Tomasza Hopfera Biegi dziecięce;12-04-2025;kwiecień;2025;;JANOWIEC WIELKOPOLSKI;KUJAWSKO-POMORSKIE;0
6 Bieg Korczaka;12-04-2025;kwiecień;2025;5 km;POLICE;ZACHODNIOPOMORSKIE;0
8. Skynet Dziesiątka Babicka - Biegi dziecięce;12-04-2025;kwiecień;2025;;STARE BABICE;MAZOWIECKIE;0
Yolo Night;12-04-2025;kwiecień;2025;10 km;NIEPOŁOMICE;MAŁOPOLSKIE;0
8. Skynet Dziesiątka Babicka;12-04-2025;kwiecień;2025;10 km;STARE BABICE;MAZOWIECKIE;0
Bieg Na Szczyt Rondo 1;12-04-2025;kwiecień;2025;;WARSZAWA;MAZOWIECKIE;0
"Rumia, ""Puchar Pomorza w biegach dzieci i młodzieży """;13-04-2025;kwiecień;2025;;RUMIA;POMORSKIE;0
"XIII Półmaraton Jeleniogórski
i XIII Jeleniogórska Dziesiątka";13-04-2025;kwiecień;2025;10 km, 21.097 km;JELENIA GÓRA;DOLNOŚLĄSKIE;0
III Gminny Bieg Leśny;13-04-2025;kwiecień;2025;10 km;EMILIN;ŁÓDZKIE;0
13 Półmaraton Jeleniogórski;13-04-2025;kwiecień;2025;21.097 km;JELENIA GÓRA;DOLNOŚLĄSKIE;0
Biegowa Niegowa;13-04-2025;kwiecień;2025;30 km;NIEGOWA;ŚLĄSKIE;0
"Pelplin, ""Pelplin Forest Run""";13-04-2025;kwiecień;2025;;PELPLIN;POMORSKIE;0
Arm Race Toruń;13-04-2025;kwiecień;2025;10 km;TORUŃ;KUJAWSKO-POMORSKIE;0
15. Cieszyński FORTUNA Bieg;13-04-2025;kwiecień;2025;10 km;CIESZYN;ŚLĄSKIE;0
Biegowa Niegowa;13-04-2025;kwiecień;2025;11 km, 21 km, 30 km;NIEGOWA;ŚLĄSKIE;1
Cieplicki Bieg Juniora;13-04-2025;kwiecień;2025;;JELENIA GÓRA;DOLNOŚLĄSKIE;0
IV Półmaraton Polkowicki;13-04-2025;kwiecień;2025;21.097 km;POLKOWICE;DOLNOŚLĄSKIE;0
34 Maraton Juranda;13-04-2025;kwiecień;2025;42.198 km;LIPOWIEC;MAŁOPOLSKIE;0
Biegowa Niegowa - ExtremeJura;13-04-2025;kwiecień;2025;5 km, 11 km, 21 km, 30 km;NIEGOWA;ŚLĄSKIE;0
XIII Pabianicki Półmaraton WSZYSTKO GRA;13-04-2025;kwiecień;2025;21.097 km;PABIANICE;ŁÓDZKIE;0
Chwałowicki Maraton Napoleoński;13-04-2025;kwiecień;2025;42.2 km;CHWAŁOWICE;MAŁOPOLSKIE;0
15 Cieszyński Bieg;13-04-2025;kwiecień;2025;10 km;CIESZYN;ŚLĄSKIE;0
17 PKO Poznań Półmaraton;13-04-2025;kwiecień;2025;21.097 km;POZNAŃ;WIELKOPOLSKIE;0
17. PKO Poznań Półmaraton;13-04-2025;kwiecień;2025;21.097 km;POZNAŃ;WIELKOPOLSKIE;0
AKADEMIA BIEGANIA- WIOSNA 2025;15-04-2025;kwiecień;2025;;RYBNIK;ŚLĄSKIE;0
XI Bieg do Pustego Grobu;21-04-2025;kwiecień;2025;10 km;NOWA SÓL;LUBUSKIE;0
Keep Run Malta #51;22-04-2025;kwiecień;2025;5 km;POZNAŃ;WIELKOPOLSKIE;0
IV Bieg po Schodach 1/2;23-04-2025;kwiecień;2025;;JASTRZĘBIA GÓRA;POMORSKIE;0
Pieniny Ultra Trail;25-04-2025;kwiecień;2025;133 km;SZCZAWNICA;MAŁOPOLSKIE;0
Ultra Cross GWINT;25-04-2025;kwiecień;2025;35 km, 55 km, 100 m, 110 km;WOLSZTYN;WIELKOPOLSKIE;0
Pieniny Ultra-Trail;25-04-2025;kwiecień;2025;65 km, 96.5 km, 134 km;SZCZAWNICA;MAŁOPOLSKIE;1
Gwint Ultra Cross;25-04-2025;kwiecień;2025;56 km, 111.5 km, 166.5 km;GRODZISK;PODLASKIE;1
Gdynia Półmaraton;26-04-2025;kwiecień;2025;5 km, 21.097 km;GDYNIA;POMORSKIE;0
XV Cross Straceńców - Nordic Walking;26-04-2025;kwiecień;2025;;GŁOGÓW;DOLNOŚLĄSKIE;0
Bieg w zielone;26-04-2025;kwiecień;2025;10 km;MIĘDZYRZEC PODLASKI;LUBELSKIE;0
Leśny Lament Trail Run 2025;26-04-2025;kwiecień;2025;;RYBNIK;ŚLĄSKIE;0
XVI Wiszeńska (za) Dyszka;26-04-2025;kwiecień;2025;1.5 km, 10 km;LIGOTA PIĘKNA;DOLNOŚLĄSKIE;0
Bieg Małego Straceńca;26-04-2025;kwiecień;2025;;GŁOGÓW;DOLNOŚLĄSKIE;0
III Jejkowicki Eco Bieg;26-04-2025;kwiecień;2025;5 km;JEJKOWICE;ŚLĄSKIE;0
Festiwal Biegowy im. W. Korfantego;26-04-2025;kwiecień;2025;5 km;KATOWICE;ŚLĄSKIE;0
Warta Trail 24;26-04-2025;kwiecień;2025;1 km, 15 km;PATRZYKÓW;ŚLĄSKIE;0
Sztafetowe Mistrzostwa Crossu Straceńców;26-04-2025;kwiecień;2025;;GŁOGÓW;DOLNOŚLĄSKIE;0
I Charytatywny Bieg im. Urszuli Ledóchow...;26-04-2025;kwiecień;2025;5 km;KOSZALIN;ZACHODNIOPOMORSKIE;0
Leśny Lament;26-04-2025;kwiecień;2025;8 km;RYBNIK;ŚLĄSKIE;0
III Półmaraton Marianny Orańskiej;26-04-2025;kwiecień;2025;21.097 km;ZŁOTY STOK;DOLNOŚLĄSKIE;0
Festiwal Biegów Górskich 3xKopa;26-04-2025;kwiecień;2025;100 km;GŁUCHOŁAZY;OPOLSKIE;0
41 Bieg Kosynierów;26-04-2025;kwiecień;2025;10 km;WRZEŚNIA;WIELKOPOLSKIE;0
14 Półmaraton Henrykowski;26-04-2025;kwiecień;2025;21 km;HENRYKÓW;DOLNOŚLĄSKIE;0
3xKopa;26-04-2025;kwiecień;2025;43.5 km, 63 km, 104 km;POKRZYWNA;OPOLSKIE;1
14. Półmaraton Henrykowski i 10. Dycha Księgi Henrykowskiej + NW Henryków;26-04-2025;kwiecień;2025;10 km, 21 km;HENRYKÓW;DOLNOŚLĄSKIE;0
6 godzin pełnej MOCY;26-04-2025;kwiecień;2025;6 km;WARSZAWA;MAZOWIECKIE;0
XVI Grand Prix Mysłowic O Puchar „...;26-04-2025;kwiecień;2025;6.7 km;MYSŁOWICE;ŚLĄSKIE;0
Bieg w zielone;26-04-2025;kwiecień;2025;10 km;MIĘDZYRZEC PODLASKI;LUBELSKIE;0
IV Cross Kampinos;26-04-2025;kwiecień;2025;100 km;LASKI;MAZOWIECKIE;0
Charytatywny Bieg z Misiem;26-04-2025;kwiecień;2025;10 km;POZNAŃ;WIELKOPOLSKIE;0
Cross Kampinos;26-04-2025;kwiecień;2025;25 km, 50 km, 100.5 km;LASKI;MAZOWIECKIE;1
Gliwicka Parkowa Prowokacja Biegowa-sezo...;26-04-2025;kwiecień;2025;21.097 km;GLIWICE;ŚLĄSKIE;0
17 Półmaraton Dąbrowski Arcelormittal Po...;27-04-2025;kwiecień;2025;21.097 km;DĄBROWA GÓRNICZA;ŚLĄSKIE;0
X Bieg i Rajd Nordic Walking na Mount Ev...;27-04-2025;kwiecień;2025;8.85 km;BYTÓW;POMORSKIE;0
III Siemianowicki Bieg i Nordic Walking;27-04-2025;kwiecień;2025;10 km;SIEMIANOWICE ŚLĄSKIE;ŚLĄSKIE;0
IV Półmaraton Doliny Baryczy;27-04-2025;kwiecień;2025;21.097 km;ŻMIGRÓD;DOLNOŚLĄSKIE;0
VII Przystanek Forma;27-04-2025;kwiecień;2025;5 km;KĘDZIERZYN-KOŹLE;OPOLSKIE;0
Grand Prix Małopolski;27-04-2025;kwiecień;2025;21.097 km;TRZEBINIA;MAŁOPOLSKIE;0
"Żukowo, ""Puchar Pomorza w biegach dzieci i młodzieży""";27-04-2025;kwiecień;2025;;ŻUKOWO;POMORSKIE;0
15 Bieg Częstochowski;27-04-2025;kwiecień;2025;10 km;CZĘSTOCHOWA;ŚLĄSKIE;0
STOP SMOG GO RUN | II Bieg Toyoty dla Dzieci;27-04-2025;kwiecień;2025;;WROCŁAW;DOLNOŚLĄSKIE;0
XV Cross Straceńców;27-04-2025;kwiecień;2025;;GŁOGÓW;DOLNOŚLĄSKIE;0
17. Półmaraton Dąbrowski ArcelorMittal Poland;27-04-2025;kwiecień;2025;21.097 km;DĄBROWA GÓRNICZA;ŚLĄSKIE;0
STOP SMOG GO RUN II Bieg Toyota Bielany Nowakowski na 5 km i 10 km;27-04-2025;kwiecień;2025;5 km, 10 km;WROCŁAW;DOLNOŚLĄSKIE;0
VIII Cartusia Półmaraton;27-04-2025;kwiecień;2025;21.097 km;KARTUZY;POMORSKIE;0
65 Biegi Ulicami Sieradza;27-04-2025;kwiecień;2025;10 km;SIERADZ;ŁÓDZKIE;0
Zamczyska Trail;27-04-2025;kwiecień;2025;10 km, 21 km;RYMANÓW-ZDRÓJ;PODKARPACKIE;1
17 Półmaraton Dąbrowski ArcelorMittal Poland;27-04-2025;kwiecień;2025;21.097 km;DĄBROWA GÓRNICZA;ŚLĄSKIE;0
Półmaraton Koło;27-04-2025;kwiecień;2025;21.097 km;KOŁO;WIELKOPOLSKIE;0
Cross Ostrzeszowski;27-04-2025;kwiecień;2025;21.5 km;OSTRZESZÓW;WIELKOPOLSKIE;1
VIII Mazurski Bieg na Kulce;27-04-2025;kwiecień;2025;10 km;KULKA;WARMIŃSKO-MAZURSKIE;0
"Cała Polska, ""Goń Zajączka- bieg charytatywny - wirtualny""";30-04-2025;kwiecień;2025;;CAŁA POLSKA;;0
Ultra Cross Myślęcinek;01-05-2025;maj;2025;52 km;BYDGOSZCZ;KUJAWSKO-POMORSKIE;0
"XXI Toyota Maraton Jelcz-Laskowice
VII Toyota Półmaraton Jelcz-Laskowice";01-05-2025;maj;2025;10 km, 21.097 km, 42.195 km;JELCZ-LASKOWICE;DOLNOŚLĄSKIE;0
XI Półmaraton Grudziądz - Rulewo Śladami Bronka Malinowskiego;01-05-2025;maj;2025;21.097 km;GRUDZIĄDZ - RULEWO;;0
XVIII STALOWOWOLSKI ROWEROWY CROSS COUNTRY o puchar Prezydenta Miasta Stalowej Woli;01-05-2025;maj;2025;;STALOWA WOLA;PODKARPACKIE;0
"Stilo, ""Ultra Stilo 5 - 4 Mistrzostwa Polski w 24 godzinnym Marszu Nordic Walking - złam stówkę na majówkę""";01-05-2025;maj;2025;;OSETNIK;;0
IX Półmaraton Doliną Rospudy;01-05-2025;maj;2025;21.097 km;BAKALARZEWO;PODLASKIE;0
XVIII Półmaraton Węgorza, V Bieg Flagi Biało - Czerwonej 7 km, 2 maja 2025 Węgorzewo;02-05-2025;maj;2025;7 km, 21 km;WĘGORZEWO;WARMIŃSKO-MAZURSKIE;0
VII Bieg z Flagą - Piekoszów 2 maja 2025;02-05-2025;maj;2025;;PIEKOSZÓW;ŚWIĘTOKRZYSKIE;0
Sowi BackYard Ultra 25;02-05-2025;maj;2025;50 km;DZIERŻONIÓW;DOLNOŚLĄSKIE;0
Sowi BackYard Ultra;02-05-2025;maj;2025;6.5 km;PIESZYCE;DOLNOŚLĄSKIE;1
Ultra Race Myślenice;03-05-2025;maj;2025;48 km;MYŚLENICE;MAŁOPOLSKIE;0
"Sztum, ""XXXII Międzynarodowy Sztumski Bieg i Marsz Solidarności""";03-05-2025;maj;2025;5.2 km, 10 km;SZTUM;POMORSKIE;0
Poznański Bieg Konstytucji;03-05-2025;maj;2025;10 km;POZNAŃ;WIELKOPOLSKIE;0
Bieg Nocny z Kopernikiem;03-05-2025;maj;2025;5 km;LIDZBARK WARMIŃSKI;WARMIŃSKO-MAZURSKIE;0
Uphill Muflon;03-05-2025;maj;2025;1 km;DUSZNIKI-ZDRÓJ;DOLNOŚLĄSKIE;1
Biegi Górskie Rabka-Zdrój - Wiosna;03-05-2025;maj;2025;5 km, 14.5 km, 35.5 km;RABKA-ZDRÓJ;MAŁOPOLSKIE;1
9 Bieg z konstytucją;03-05-2025;maj;2025;10 km;KOBIERZYCE;DOLNOŚLĄSKIE;0
XXXII Ogólnopolski Bieg im. Jana Kilińskiego;03-05-2025;maj;2025;3.5 km, 21.097 km;TRZEMESZNO;WIELKOPOLSKIE;0
XI Bieg Konstytucji 3 Maja;03-05-2025;maj;2025;5 km;RADOM;MAZOWIECKIE;0
Wings for Life WorldRun;04-05-2025;maj;2025;;POZNAŃ;WIELKOPOLSKIE;0
Półmaraton Ślimaka;04-05-2025;maj;2025;21.097 km;LIDZBARK WARMIŃSKI;WARMIŃSKO-MAZURSKIE;0
"Reda, ""Puchar Pomorza w biegach dzieci i młodzieży""";04-05-2025;maj;2025;;REDA;POMORSKIE;0
UltraBies;09-05-2025;maj;2025;54 km, 73.5 km, 104.5 km;JAWORZEC;PODKARPACKIE;1
Ultra Wysoczyzna;09-05-2025;maj;2025;21 km, 55 km, 81.5 km;ELBLĄG;WARMIŃSKO-MAZURSKIE;1
Ultra Wysoczyzna;09-05-2025;maj;2025;80 km;ELBLĄG;WARMIŃSKO-MAZURSKIE;0
"Kościelna Jania, gm. Smętowo Graniczne, ""XXX Biegi Jana z Jani - 6,5 km""";10-05-2025;maj;2025;6.5 km;OŚCIELNA JANIA;;0
Zabobrzańska Mila;10-05-2025;maj;2025;9 km;JELENIA GÓRA;DOLNOŚLĄSKIE;0
Beskidzki Topór;10-05-2025;maj;2025;;ANDRYCHÓW;MAŁOPOLSKIE;0
IV Bieg na Kokocińcu;10-05-2025;maj;2025;5 km;KATOWICE;ŚLĄSKIE;0
XXXV Ostródzkie Biegi Uliczne;10-05-2025;maj;2025;10 km;OSTRÓDA;WARMIŃSKO-MAZURSKIE;0
Charytatywny Bieg Krokodyla;10-05-2025;maj;2025;10 km;POZNAŃ;WIELKOPOLSKIE;0
XX Memoriał Radnego jana Koniecznego;10-05-2025;maj;2025;12 km;RUDA ŚLĄSKA;ŚLĄSKIE;0
Rock Run Jarocin;10-05-2025;maj;2025;21.097 km;JAROCIN;PODKARPACKIE;0
IV Bieg na Kokocińcu;10-05-2025;maj;2025;5 km, 10 km;KATOWICE;ŚLĄSKIE;0
XX Memoriał Radnego Jana Koniecznego;10-05-2025;maj;2025;5 km;RUDA ŚLĄSKA;ŚLĄSKIE;0
TRIPLET LEŚNY;10-05-2025;maj;2025;5.5 km;KUŹNICA ZBĄSKA;WIELKOPOLSKIE;0
Ultramaraton Beskidzki Topór;10-05-2025;maj;2025;42.5 km, 73.5 km, 106 km;ANDRYCHÓW;MAŁOPOLSKIE;1
VII Ultramaraton Warmiński Warneland;10-05-2025;maj;2025;53 km;OLSZTYN;ŚLĄSKIE;0
XXXII Biegi Żnińskie;10-05-2025;maj;2025;10 km;ŻNIN;KUJAWSKO-POMORSKIE;0
XIII Bieg Skawiński na Rolkach;11-05-2025;maj;2025;10 km;SKAWINA;MAŁOPOLSKIE;0
XXII Bieg Skawiński, III Skawiński Nordic Walking;11-05-2025;maj;2025;10 km;SKAWINA;MAŁOPOLSKIE;0
40 Półmaraton Solan;11-05-2025;maj;2025;21.097 km;NOWA SÓL;LUBUSKIE;0
Marconi Duathlon Świdnica 2025;11-05-2025;maj;2025;;ŚWIDNICA;DOLNOŚLĄSKIE;0
"XXII Bieg Skawiński
XVI Mistrzostwa Polski Energetyków";11-05-2025;maj;2025;9 km, 10 km;SKAWINA;MAŁOPOLSKIE;0
4 Wróblewska Eko Dycha;11-05-2025;maj;2025;10 km;WRÓBLEW;ŁÓDZKIE;0
4 Festiwal Górski;11-05-2025;maj;2025;42 km;JEDLINA-ZDRÓJ;DOLNOŚLĄSKIE;0
Gontyniec Ultra Trail;11-05-2025;maj;2025;52 km;CHODZIEŻ;WIELKOPOLSKIE;0
Akademicka Dycha;11-05-2025;maj;2025;10 km;SIEDLCE;MAZOWIECKIE;0
51 Maraton Dębno;11-05-2025;maj;2025;42.195 km;DĘBNO;MAŁOPOLSKIE;0
III Biegu Pamięci Ofiar KL Stutthof;11-05-2025;maj;2025;10 km;SZTUTOWO;POMORSKIE;0
Dziki Bieg - Lato;11-05-2025;maj;2025;23 km;WARSZAWA;MAZOWIECKIE;1
Gontyniec Ultra Trail;11-05-2025;maj;2025;12 km, 26 km, 51.5 km;CHODZIEŻ;WIELKOPOLSKIE;1
2 poUErun;11-05-2025;maj;2025;5 km;KOSZALIN;ZACHODNIOPOMORSKIE;0
"Tczew, ""III Bieg Tapflo - Dycha z Pompą""";11-05-2025;maj;2025;;TCZEW;POMORSKIE;0
"Starogard Gdański, ""Puchar Pomorza w biegach dzieci i młodzieży""";11-05-2025;maj;2025;;STAROGARD GDAŃSKI;POMORSKIE;0
"Sztutowo, ""BIEG I MARSZ PAMIĘCI OFIAR KL STUTTHOF""";11-05-2025;maj;2025;10 km, 18 km;SZTUTOWO;POMORSKIE;0
XIV Działoszyńska Dziesiątka;11-05-2025;maj;2025;1 km, 5 km, 10 km;DZIAŁOSZYN;ŁÓDZKIE;0
5 Kryterium Biegowe Łopuszki Małej;11-05-2025;maj;2025;10 km;ŁOPUSZKA MAŁA;PODKARPACKIE;0
Dzieci - PÓŁMARATON... CHCE CI SIĘ? 2025;11-05-2025;maj;2025;0.2 km, 0.5 km, 1 km;CISIE;MAZOWIECKIE;0
BIEG PO PUSZCZY;11-05-2025;maj;2025;7.41 km, 15.15 km, 21.097 km;NIEPOŁOMICE;MAŁOPOLSKIE;0
12 Białystok Półmaraton;11-05-2025;maj;2025;21.097 km;BIAŁYSTOK;PODLASKIE;0
PÓŁMARATON... CHCE CI SIĘ? 2025;11-05-2025;maj;2025;22 km, 32 km;CISIE;MAZOWIECKIE;0
Keep Run Malta #52;13-05-2025;maj;2025;5 km;POZNAŃ;WIELKOPOLSKIE;0
Wadowicka Dycha;17-05-2025;maj;2025;10 km;WADOWICE;MAŁOPOLSKIE;0
XVI Katowicki Festiwal Biegowy;17-05-2025;maj;2025;21.097 km;KATOWICE;ŚLĄSKIE;0
X Ultra Pazur Trail;17-05-2025;maj;2025;50 km;STARA BIAŁA;MAZOWIECKIE;0
XII Olecka Trzynastka;17-05-2025;maj;2025;13 km;OLECKO;WARMIŃSKO-MAZURSKIE;0
XVI Grand Prix Mysłowic O Puchar „...;17-05-2025;maj;2025;6.7 km;MYSŁOWICE;ŚLĄSKIE;0
Pociąg do biegania VII Chrzanowski Bieg Uliczny;17-05-2025;maj;2025;5 km, 10 km;CHRZANÓW;LUBELSKIE;0
"12 BIEG KONOPIELKI
BIEG FAMILIJNY";17-05-2025;maj;2025;;JUCHNOWIEC DOLNY;PODLASKIE;0
"Olecko, ""XII Olecka Trzynastka""";17-05-2025;maj;2025;;OLECKO;WARMIŃSKO-MAZURSKIE;0
"Tczew, ""Silgan Ćwierćmaraton """;17-05-2025;maj;2025;10.540 km;TCZEW;POMORSKIE;0
Wadowicka Dycha 2025;17-05-2025;maj;2025;0.4 km, 10 km;WADOWICE;MAŁOPOLSKIE;0
XVI Katowicki Festiwal Biegowy im. Jerzego Kukuczki;17-05-2025;maj;2025;5 km, 8 km, 10 km, 21 km;KATOWICE;ŚLĄSKIE;0
"Stanica wodna PTTK Bachotek, ""Gravel Triathlon Zbiczno """;17-05-2025;maj;2025;;BACHOTEK;KUJAWSKO-POMORSKIE;0
12 BIEG KONOPIELKI;17-05-2025;maj;2025;10 km;JUCHNOWIEC DOLNY;PODLASKIE;0
X Silver Run Półmaraton;17-05-2025;maj;2025;21.097 km;STOSZOWICE;DOLNOŚLĄSKIE;0
Silver Run Maraton;17-05-2025;maj;2025;42.195 km;SREBRNA GÓRA;DOLNOŚLĄSKIE;0
Ultra Roztocze;17-05-2025;maj;2025;28.5 km, 44 km, 62 km;SUSIEC;LUBELSKIE;1
11. Dynowska Zadyszka;17-05-2025;maj;2025;10 km;DYNÓW;PODKARPACKIE;0
6 Bieg Skywayrun Gdańsk Airport;18-05-2025;maj;2025;5 km;GDAŃSK;POMORSKIE;0
18 Bieg Wiosny;18-05-2025;maj;2025;5 km;RYBNIK;ŚLĄSKIE;0
XIII Panewnicki Bieg Dzika (05);18-05-2025;maj;2025;19.528 km;KATOWICE;ŚLĄSKIE;0
II Kołobrzeski Półmaraton Brzegiem Bałty...;18-05-2025;maj;2025;21.097 km;KOŁOBRZEG;ZACHODNIOPOMORSKIE;0
Oko w Oko z Rakiem (zapisy wkrótce);18-05-2025;maj;2025;;GLIWICE;ŚLĄSKIE;0
18. Bieg Wiosny;18-05-2025;maj;2025;5 km;RYBNIK;ŚLĄSKIE;0
Bieg po Schodach 2/2;21-05-2025;maj;2025;;CHŁAPOWO;POMORSKIE;0
Leśna Piątka na Dychę;22-05-2025;maj;2025;10 km;KOSZALIN;ZACHODNIOPOMORSKIE;0
FAMILLY RUN-(zapisy wkrótce);23-05-2025;maj;2025;;KRAKÓW;MAŁOPOLSKIE;0
Ultra-Trail® Małopolska;23-05-2025;maj;2025;111.5 km, 178 km, 251 km;KASINKA MAŁA;MAŁOPOLSKIE;1
Pancerna Piątka;24-05-2025;maj;2025;5 km;ŻURAWICA;PODKARPACKIE;0
Sowi Bieg;24-05-2025;maj;2025;10 km;DZIERŻONIÓW;DOLNOŚLĄSKIE;0
Ultramaraton Jaga-Kora;24-05-2025;maj;2025;46 km;RYMANÓW-ZDRÓJ;PODKARPACKIE;0
22 Półmaraton Hajnowski;24-05-2025;maj;2025;21.097 km;HAJNÓWKA;PODLASKIE;0
Bieg Ulicą Piotrkowską Rossman Run;24-05-2025;maj;2025;10 km;ŁÓDŹ;ŁÓDZKIE;0
XX Cross Maraton Przez Piekło do Nieba;24-05-2025;maj;2025;42.195 km;NIEBO;KUJAWSKO-POMORSKIE;0
"Półmaraton Bieg Lwa
Sztafeta Lwów";24-05-2025;maj;2025;10 km, 21.097 km;TARNOWO PODGÓRNE;WIELKOPOLSKIE;0
"Gdańsk, ""Otwarte Mistrzostwa Gdańska w Cross Duathlonie 2025""";24-05-2025;maj;2025;5 km, 10 km, 16 km, 33 km;GDAŃSK;POMORSKIE;0
"Bory Tucholskie, ""WłóczyKijowy Challenge Bory Tucholskie Ultra rajd""";24-05-2025;maj;2025;42 km, 42.195 km;BORY TUCHOLSKIE;;0
FAMILLY RUN-(zapisy wkrótce);24-05-2025;maj;2025;;KRAKÓW;MAŁOPOLSKIE;0
"Swornegacie Małe, ""Tour de Romgaz""";24-05-2025;maj;2025;50 km;MAŁE SWORNEGACIE;POMORSKIE;0
Pancerna Piątka;24-05-2025;maj;2025;;ŻURAWICA;PODKARPACKIE;0
Bieg Ulicą Piotrkowską Rossmann Run;24-05-2025;maj;2025;10 km;ŁÓDŹ;ŁÓDZKIE;0
Bieg Lwa;24-05-2025;maj;2025;10 km, 21.097 km;TARNOWO PODGÓRNE;WIELKOPOLSKIE;0
"Hajnówka, ""22. Półmaraton Hajnowski""";24-05-2025;maj;2025;21.097 km;HAJNÓWKA;PODLASKIE;0
22. Bieg Ulicą Piotrkowską Rossmann Run;24-05-2025;maj;2025;10 km;ŁÓDŹ;ŁÓDZKIE;0
Bieg Sówki 2025 - Biegi dziecięce i młodzieżowe;24-05-2025;maj;2025;;DZIERŻONIÓW;DOLNOŚLĄSKIE;0
Sowi Bieg 2025;24-05-2025;maj;2025;5 km, 10 km;DZIERŻONIÓW;DOLNOŚLĄSKIE;0
Sztacheta Trail Running & Nordic Walking edycja 4;24-05-2025;maj;2025;1 km, 7 km;SŁOWIK;ŁÓDZKIE;0
GOforSMILE 2025 - STUDENT;24-05-2025;maj;2025;1.5 km, 5.5 km, 10 km, 19 km, 20 km;BUKOWIEC;KUJAWSKO-POMORSKIE;0
Ultramaraton Jaga-Kora;24-05-2025;maj;2025;17 km, 26 km, 46 km;RYMANÓW-ZDRÓJ;PODKARPACKIE;1
GOforSMILE 2025;24-05-2025;maj;2025;0.5 km, 1.5 km, 5.5 km, 10 km, 19 km, 20 km;BUKOWIEC;KUJAWSKO-POMORSKIE;0
"XX CROSS MARATON „PRZEZ PIEKŁO DO NIEBA""";24-05-2025;maj;2025;21.0975 km, 21.1 km, 42.195 km;NIEBO;KUJAWSKO-POMORSKIE;0
Nocny Patrol 2025 - nocny bieg górski i marsz NW na dystansach 35km i 17km;24-05-2025;maj;2025;17 km, 35 km;KIELCE;ŚWIĘTOKRZYSKIE;0
31. Bieg Fiata;25-05-2025;maj;2025;10 km;BIELSKO-BIAŁA;ŚLĄSKIE;0
XXX PÓŁMARATON JAWORSKI O PUCHAR BURMISTRZA JAWORA;25-05-2025;maj;2025;21.097 km;JAWOR;DOLNOŚLĄSKIE;0
15. Biegaj w Siechnicach;25-05-2025;maj;2025;5 km, 10 km;SIECHNICE;DOLNOŚLĄSKIE;0
16 Bieg Wegański;25-05-2025;maj;2025;10 km;WARSZAWA;MAZOWIECKIE;0
3 Bieg Zawierciański;25-05-2025;maj;2025;10 km;ZAWIERCIE;ŚLĄSKIE;0
Marceliński Bieg Wiosenny;25-05-2025;maj;2025;5 km;POZNAŃ;WIELKOPOLSKIE;0
14 Biegaj w Siechnicach;25-05-2025;maj;2025;10 km;SIECHNICE;DOLNOŚLĄSKIE;0
Bieg o Koronę Księżnej Dąbrówki;25-05-2025;maj;2025;10 km;DOPIEWO;WIELKOPOLSKIE;0
XXX Półmaraton Jaworski;25-05-2025;maj;2025;21.097 km;JAWOR;DOLNOŚLĄSKIE;0
31 Bieg Fiata;25-05-2025;maj;2025;10 km;BIELSKO-BIAŁA;ŚLĄSKIE;0
"Zawiercie, ""PROMAR - RUN 3 Bieg Zawierciański""";25-05-2025;maj;2025;5 km, 10 km;ZAWIERCIE;ŚLĄSKIE;0
Myśliborska 10-tka;25-05-2025;maj;2025;10 km;MYŚLIBORZ;ZACHODNIOPOMORSKIE;0
VI Bieg Charytatywny Śladami Zeflika;25-05-2025;maj;2025;8 km;NIEZDROWICE;OPOLSKIE;0
13 Traithlon Sieraków;31-05-2025;maj;2025;113 km;SIERAKÓW;WIELKOPOLSKIE;0
Gliwicka Parkowa Prowokacja Biegowa-sezo...;31-05-2025;maj;2025;21.097 km;GLIWICE;ŚLĄSKIE;0
8. Bieg Pamięci Absolwentów Szkoły Podchorążych Piechoty w Komorowie/Ostrowi Mazowieckiej;31-05-2025;maj;2025;0.1 km, 0.4 km, 0.8 km, 5 km, 10 km;KOMOROWO;WIELKOPOLSKIE;0
ULTRAPODKARPACIE [Podkarpacki Festiwal Sportowy];31-05-2025;maj;2025;21 km, 21.097 km, 42 km, 42.195 km, 63 km;RZESZÓW;PODKARPACKIE;0
Bieg na Ślężę;31-05-2025;maj;2025;5 km;SOBÓTKA;DOLNOŚLĄSKIE;1
„Łubowo odDYCHA” III bieg śladem Chrobrego i Ottona.;31-05-2025;maj;2025;10 km;DZIEKANOWICE - ŁUBOWO;;0
"Gdańsk, ""#RUNGDN Hevelianum""";31-05-2025;maj;2025;5 km;GDAŃSK;POMORSKIE;0
XXXI Bieg Górski na Ślężę;31-05-2025;maj;2025;5 km;SOBÓTKA;DOLNOŚLĄSKIE;0
5 Złotoryjska Złota Dycha;31-05-2025;maj;2025;5 km, 10 km;ZŁOTORYJA;DOLNOŚLĄSKIE;0
"Kobylnica, ""Puchar Kobylnicy 2/3 - Biegi przełajowe dla dzieci i młodzieży - Puchar Pomorza""";31-05-2025;maj;2025;;KOBYLNICA;POMORSKIE;0
Zduńskowolski Festiwal Biegowy;31-05-2025;maj;2025;21.0975 km;ZDUŃSKA WOLA;ŁÓDZKIE;0
VIII Lisewski Bieg Jaszczurczy;31-05-2025;maj;2025;10 km;LISEWO;KUJAWSKO-POMORSKIE;0
43 Półmaraton Gochów;01-06-2025;czerwiec;2025;21.097 km;BYTÓW;POMORSKIE;0
IV Półmaraton Po Kolei;01-06-2025;czerwiec;2025;21.098 km;LEMANY;WARMIŃSKO-MAZURSKIE;0
Leśna Piątka Pikuś;01-06-2025;czerwiec;2025;2.5 km;KOSZALIN;ZACHODNIOPOMORSKIE;0
Żnin Triathlon;01-06-2025;czerwiec;2025;113 km;ŹNIN;KUJAWSKO-POMORSKIE;0
V Eko Bieg z Gwizdkiem po zdrowie;01-06-2025;czerwiec;2025;8 km;JERZMANOWICE K. KRAKOWA;;0
VI Bieg Kolorowej Skarpetki oraz GPP Nordic Walking;01-06-2025;czerwiec;2025;3 km, 5 km, 10 km, 321 m;RZESZÓW;PODKARPACKIE;0
V EKO Bieg z z Gwizdkiem po Zdrowie;01-06-2025;czerwiec;2025;8 km;JERZMANOWICE;MAŁOPOLSKIE;0
Kurpiowski Pśejåk 2025;07-06-2025;czerwiec;2025;0.2 km, 0.4 km, 0.8 km, 5 km, 21 km;NOWOGRÓD;PODLASKIE;0
V Półmaraton Kurpiowski Pśejak;07-06-2025;czerwiec;2025;21.097 km;NOWOGRÓD;PODLASKIE;0
XII Bieg Nyski;07-06-2025;czerwiec;2025;10 km;NYSA;OPOLSKIE;0
XIV Żmigrodzki Bieg Smoka;07-06-2025;czerwiec;2025;10 km;ŻMIGRÓD;DOLNOŚLĄSKIE;0
Poznańska Piwna Mila #17;07-06-2025;czerwiec;2025;1 km;POZNAŃ;WIELKOPOLSKIE;0
Ultramaraton Babia Góra;07-06-2025;czerwiec;2025;38.5 km, 54 km, 71.5 km;ZAWOJA;MAŁOPOLSKIE;1
39 Strzeliński Rogaining;07-06-2025;czerwiec;2025;;STRZELIN;DOLNOŚLĄSKIE;0
"Pelplin, ""Bieg Papieski""";08-06-2025;czerwiec;2025;;PELPLIN;POMORSKIE;0
"Puck, ""PGK Triathlon Puck 2025 - sztafety""";08-06-2025;czerwiec;2025;;PUCK;POMORSKIE;0
"Puck, ""PGK Triathlon Puck 2025""";08-06-2025;czerwiec;2025;;PUCK;POMORSKIE;0
IX Ostródzki Półmaraton św. Jerzego;08-06-2025;czerwiec;2025;21.098 km;OSTRÓDA;WARMIŃSKO-MAZURSKIE;0
Grodziski Półmaraton Słowaka;08-06-2025;czerwiec;2025;21.097 km;GRODZISK WIELKOPOLSKI;WIELKOPOLSKIE;0
VI Bieg KRZEMIONKA CROSS;08-06-2025;czerwiec;2025;5 km, 12 km, 21 km;LGOTA;ŚLĄSKIE;0
Ironman 70.3 Triathlon;08-06-2025;czerwiec;2025;113 km;WARSZAWA;MAZOWIECKIE;0
Piławska Skałka 2025 - Biegi dzieci;08-06-2025;czerwiec;2025;;PIŁAWA GÓRNA;DOLNOŚLĄSKIE;0
8 Leśny Bieg Suszecki;08-06-2025;czerwiec;2025;10 km;SUSZEC;ŚLĄSKIE;0
Piławska Skała 2025;08-06-2025;czerwiec;2025;5 km, 11 km;PIŁAWA GÓRNA;DOLNOŚLĄSKIE;0
Tatra Fest Bieg;13-06-2025;czerwiec;2025;25 km, 69.5 km;ZAKOPANE;MAŁOPOLSKIE;1
Tatra Fest;13-06-2025;czerwiec;2025;69 km;ZAKOPANE;MAŁOPOLSKIE;0
Bieg Wierchami;14-06-2025;czerwiec;2025;10.5 km, 30.5 km, 59 km;RYTRO;MAŁOPOLSKIE;1
Zielonka Challenge;14-06-2025;czerwiec;2025;46.5 km, 73 km, 100.5 km;MUROWANA GOŚLINA;WIELKOPOLSKIE;1
11 Nocny Wrocław Półmaraton;14-06-2025;czerwiec;2025;21.097 km;WROCŁAW;DOLNOŚLĄSKIE;0
11. PKO Nocny Wrocław Półmaraton;14-06-2025;czerwiec;2025;21.097 km;WROCŁAW;DOLNOŚLĄSKIE;0
Warmia Run Challenge - IV Festiwal Biego...;14-06-2025;czerwiec;2025;21.097 km;OLSZTYN;ŚLĄSKIE;0
Mazowiecki Ultra Skrocz 2025;14-06-2025;czerwiec;2025;14 km, 26 km, 53 km;ŁOCHÓW;MAZOWIECKIE;0
Biegi w Rogoźniku;14-06-2025;czerwiec;2025;104 km;ROGOŹNIK;ŚLĄSKIE;0
XII Bieg Wierchami;14-06-2025;czerwiec;2025;65 km;RYTRO;MAŁOPOLSKIE;0
Nocny Maraton Kanału Bydgoskiego od 2007...;14-06-2025;czerwiec;2025;42.2 km;BYDGOSZCZ;KUJAWSKO-POMORSKIE;0
III Bieg po Truskawkę;14-06-2025;czerwiec;2025;10 km;KSIĘŻY LAS;ŚLĄSKIE;0
XIII Panewnicki Bieg Dzika (06);15-06-2025;czerwiec;2025;19.528 km;KATOWICE;ŚLĄSKIE;0
XXXIV Bieg Baborowa im. Edwarda Gorczyńs...;15-06-2025;czerwiec;2025;7 km;BABORÓW;OPOLSKIE;0
XIV Lubawska Dycha;15-06-2025;czerwiec;2025;10 km;LUBAWA;WARMIŃSKO-MAZURSKIE;0
XIII Półmaraton Radomskiego Czerwca ‘76;15-06-2025;czerwiec;2025;5 km, 21.975 km;RADOM;MAZOWIECKIE;0
"Szpęgawsk, ""VII Bieg BiegamBoLubię Lasy Szpęgawsk""";15-06-2025;czerwiec;2025;;SZPĘGAWSK;POMORSKIE;0
Festiwal Biegu Rzeźnika;18-06-2025;czerwiec;2025;53 km, 86.5 km, 96.5 km;CISNA;PODKARPACKIE;1
XI Festiwal Biegu Rzeźnika;18-06-2025;czerwiec;2025;84 km;CISNA;PODKARPACKIE;0
Nocny Bieg Świętojański;20-06-2025;czerwiec;2025;10 km;GDYNIA;POMORSKIE;0
IX Festiwal Biegów Polski Północnej;20-06-2025;czerwiec;2025;15 km;WDZYDZE KISZEWSKIE;POMORSKIE;0
"Gdynia, ""Nocny Bieg Świętojański z Decathlon""";20-06-2025;czerwiec;2025;;GDYNIA;POMORSKIE;0
iSandS CROSS TRIATHLON TOUR;21-06-2025;czerwiec;2025;;MOSTKI;;0
15 Półmaraton Księżycowy;21-06-2025;czerwiec;2025;21.1 km;RYBNIK;ŚLĄSKIE;0
15. PKO Rybnicki Półmaraton Księżycowy oraz Nocna Dycha+;21-06-2025;czerwiec;2025;10.5 km, 21.097 km;RYBNIK;ŚLĄSKIE;0
14 Górski Półmaraton Pętli Tatrzańskiej;21-06-2025;czerwiec;2025;21.097 km;KOSZALIN;ZACHODNIOPOMORSKIE;0
XXXVI Cross Świętojański im. Jana Marka w Pogórzu;21-06-2025;czerwiec;2025;8.6 km, 12.5 km;POGÓRZE;POMORSKIE;0
"Tczew, ""Tczew na 5 z Flex Poland""";21-06-2025;czerwiec;2025;;TCZEW;POMORSKIE;0
5 Terminal Run Port Gdynia;22-06-2025;czerwiec;2025;5 km;GDYNIA;POMORSKIE;0
XIII Półmaraton Stolema;22-06-2025;czerwiec;2025;21 km;WDZYDZE KISZEWSKIE;POMORSKIE;0
X Bieg Szlakiem Pluderskich Stawów;22-06-2025;czerwiec;2025;8 km;PLUDRY;OPOLSKIE;0
"Gdynia, ""ONE TERMINAL RUN HUTCHISON PORTS GDYNIA 2025 - KIDS""";22-06-2025;czerwiec;2025;;GDYNIA;POMORSKIE;0
"Gdynia, ""ONE TERMINAL RUN HUTCHISON PORTS GDYNIA 2025""";22-06-2025;czerwiec;2025;5 km;GDYNIA;POMORSKIE;0
II Bieg pod Byczyną;22-06-2025;czerwiec;2025;10 km;BYCZYNA;OPOLSKIE;0
2 Bieg pod Byczyną;22-06-2025;czerwiec;2025;5 km, 10 km;BYCZYNA;OPOLSKIE;0
"Festiwal Biegowy Ultra Way
Gwiazda Północy";27-06-2025;czerwiec;2025;14 km, 27 km, 50 km, 100 km, 160 km;GDYNIA;POMORSKIE;0
Supermaraton Gór Stołowych;27-06-2025;czerwiec;2025;4 km, 21 km, 55 km;KARŁÓW;DOLNOŚLĄSKIE;1
BIEGAJ Z DUCHAMI - Straszna ExtremeJura;27-06-2025;czerwiec;2025;9 km, 15 km;ŻARKI;ŚLĄSKIE;0
35. Sudecka 100 na BIS;27-06-2025;czerwiec;2025;42 km, 100 km;BOGUSZÓW-GORCE;DOLNOŚLĄSKIE;0
Sudecka 100;27-06-2025;czerwiec;2025;44.5 km, 100 km;BOGUSZÓW-GORCE;DOLNOŚLĄSKIE;1
CykloCekcyn;27-06-2025;czerwiec;2025;50 km;CEKCYN;KUJAWSKO-POMORSKIE;0
Biegaj z Duchami - Straszna ExtremeJura;27-06-2025;czerwiec;2025;15 km;ZARKI;ŚLĄSKIE;0
ROZTOCZAŃSKI FESTIWAL BIEGOWY- EDYCJA 2025;27-06-2025;czerwiec;2025;5 km, 7 km, 10 km, 21 km, 30 km, 42 km, 60 km;LUBACZÓW;PODKARPACKIE;0
III Roztoczański Festiwal Biegowy;27-06-2025;czerwiec;2025;42.195 km;BASZNIA DOLNA;PODKARPACKIE;0
Gliwicka Parkowa Prowokacja Biegowa-sezo...;28-06-2025;czerwiec;2025;21.097 km;GLIWICE;ŚLĄSKIE;0
XVI Grand Prix Mysłowic O Puchar „...;28-06-2025;czerwiec;2025;6.7 km;MYSŁOWICE;ŚLĄSKIE;0
Gruba Dycha 2025;28-06-2025;czerwiec;2025;10 km;KĘDZIERZYN-KOŹLE;OPOLSKIE;0
"Kartuzy, ""Kaszubski Gravel KARTUZY""";28-06-2025;czerwiec;2025;80 km, 100 km, 150 km, 200 km, 250 km;KARTUZY;POMORSKIE;0
12-godzinny Kędzierzyn-Koźle;28-06-2025;czerwiec;2025;;KĘDZIERZYN-KOŹLE;OPOLSKIE;0
Telegraf Trail 2025 - Najtrudniejsza dycha w życiu!;28-06-2025;czerwiec;2025;10 km;KIELCE;ŚWIĘTOKRZYSKIE;0
Grand Prix Biskupca 2025 #2;28-06-2025;czerwiec;2025;5 km;BISKUPIEC;WARMIŃSKO-MAZURSKIE;0
XX Półmaraton Unisławski;28-06-2025;czerwiec;2025;21.097 km;UNISŁAW;KUJAWSKO-POMORSKIE;0
Supermaraton Gór Stołowych;28-06-2025;czerwiec;2025;55 km;KARŁÓW;DOLNOŚLĄSKIE;0
27. Ogólnopolski Bieg Milowego Słupa - Konin 28.06.2025 r;28-06-2025;czerwiec;2025;5 km, 10 km;KONIN;WIELKOPOLSKIE;0
4 Półmaraton Zbucki, 4 Piątka Zbucka i NW;29-06-2025;czerwiec;2025;0.1 km, 0.2 km, 0.4 km, 0.6 km, 1 km, 5 km, 21 km;ZBUCZYN;MAZOWIECKIE;0
Izerski Weekend Biegowy 2025;29-06-2025;czerwiec;2025;5 km, 21.097 km, 42.195 km;SZKLARSKA PORĘBA;DOLNOŚLĄSKIE;0
4 Kańczucka Dycha;29-06-2025;czerwiec;2025;10 km;KAŃCZUGA;PODKARPACKIE;0
"Gniew, ""XI Bieg Gniewski z LECA""";29-06-2025;czerwiec;2025;;GNIEW;POMORSKIE;0
4 Półmaraton Zbucki;29-06-2025;czerwiec;2025;21.097 km;ZBUCZYN;MAZOWIECKIE;0
Bike Adventure - International MTB 4 - Stages Race;03-07-2025;lipiec;2025;;SZKLARSKA PORĘBA;DOLNOŚLĄSKIE;0
iSandS CROSS TRIATHLON TOUR;05-07-2025;lipiec;2025;;STRAWCZYN;ŚWIĘTOKRZYSKIE;0
V Półmaraton Gęstwinami Murckowskimi;05-07-2025;lipiec;2025;21.097 km;KATOWICE;ŚLĄSKIE;0
Załęcze Ultra Run 2025;05-07-2025;lipiec;2025;21 km, 42 km, 60 km;BOBROWNIKI;KUJAWSKO-POMORSKIE;0
Bieg Opolski;05-07-2025;lipiec;2025;10 km;OPOLE;OPOLSKIE;0
Półmaraton Gęstwinami Murckowskimi;05-07-2025;lipiec;2025;21 km;KATOWICE;ŚLĄSKIE;1
Bieg na Jawornik;05-07-2025;lipiec;2025;4.5 km, 10 km, 20.5 km;ZŁOTY STOK;DOLNOŚLĄSKIE;1
Półmaraton Sowiogórski;05-07-2025;lipiec;2025;21.5 km;LUDWIKOWICE KŁODZKIE;DOLNOŚLĄSKIE;1
V Półmaraton Gęstwinami Murckowskimi;05-07-2025;lipiec;2025;5 km, 21 km;KATOWICE;ŚLĄSKIE;0
XIII Panewnicki Bieg Dzika (07);06-07-2025;lipiec;2025;19.528 km;KATOWICE;ŚLĄSKIE;0
Chwałowicki Maraton Napoleoński;06-07-2025;lipiec;2025;42.2 km;CHWAŁOWICE;MAŁOPOLSKIE;0
IV Lędziński Cross Triathlon;06-07-2025;lipiec;2025;15.8 km;LĘDZINY;ŚLĄSKIE;0
3 x Śnieżka= Mont Blanc;10-07-2025;lipiec;2025;58.5 km;KARPACZ;DOLNOŚLĄSKIE;0
IX Świerczyniecki Bieg Uliczny;12-07-2025;lipiec;2025;10 km;ŚWIERCZYNIEC;ŚLĄSKIE;0
Bydgoszcz Traithlon;12-07-2025;lipiec;2025;27.725 km;BYDGOSZCZ;KUJAWSKO-POMORSKIE;0
2 Bieg Bycia;12-07-2025;lipiec;2025;5 km;BYTÓW;POMORSKIE;0
"Bolszewo, ""Mistrzostwa Polski w Technice Nordic Walking 2025""";12-07-2025;lipiec;2025;2.5 km, 5 km;BOLSZEWO;POMORSKIE;0
IX Świerczyniecki Bieg Uliczny;12-07-2025;lipiec;2025;5 km, 10 km, 50 m, 100 m, 650 m;ŚWIERCZYNIEC;ŚLĄSKIE;0
Dwernik Kamień Trail;13-07-2025;lipiec;2025;11 km, 23 km;DWERNIK;PODKARPACKIE;1
Dolnośląski Festiwal Biegów Górskich;17-07-2025;lipiec;2025;132.5 km, 166 km, 240.5 km;LĄDEK-ZDRÓJ;DOLNOŚLĄSKIE;1
13 Dolnośląski Festiwal Biegów Gorskich;17-07-2025;lipiec;2025;240 km;LĄDEK-ZDRÓJ;DOLNOŚLĄSKIE;0
Backyard Ultra Polska;18-07-2025;lipiec;2025;6.706 km;JABŁONNA;LUBELSKIE;0
Złoty Maraton;19-07-2025;lipiec;2025;45 km;LĄDEK-ZDRÓJ;DOLNOŚLĄSKIE;0
6 Piekarski Półmaraton;19-07-2025;lipiec;2025;21.097 km;PIEKARY ŚLĄSKIE;ŚLĄSKIE;0
11 Nocny Portowy Maraton Szczeciński;19-07-2025;lipiec;2025;42.195 km;SZCZECIN;ZACHODNIOPOMORSKIE;0
VI Kaszubski Maraton o Wschodzie Słońca;20-07-2025;lipiec;2025;42.195 km;ROZEWIE;POMORSKIE;0
"Kamień, ""PM-Hall Triathlon Szemud 2025""";20-07-2025;lipiec;2025;;KAMIEŃ;LUBELSKIE;0
"Kamień, ""PM-Hall Triathlon Szemud 2025 - sztafety""";20-07-2025;lipiec;2025;;KAMIEŃ;LUBELSKIE;0
"Rozewie, ""II Biegi po Wschodzie Słońca (półmaraton, 15, 10 i 5 km)""";20-07-2025;lipiec;2025;5 km, 10 km, 15 km, 21.097 km;ROZEWIE;POMORSKIE;0
Grand Prix Biskupca 2025 #3;20-07-2025;lipiec;2025;5 km;BISKUPIEC;WARMIŃSKO-MAZURSKIE;0
"Rozewie, ""VI Kaszubski Maraton o Wschodzie Słońca. Memoriał Franciszka Sojki""";20-07-2025;lipiec;2025;42.195 km;ROZEWIE;POMORSKIE;0
Gliwicka Parkowa Prowokacja Biegowa-sezo...;26-07-2025;lipiec;2025;21.097 km;GLIWICE;ŚLĄSKIE;0
Pogórze Ultra Trail;26-07-2025;lipiec;2025;23.5 km, 46 km, 71 km;STRZYŻÓW;PODKARPACKIE;1
PUT - Pogórze Ultra Trail;26-07-2025;lipiec;2025;;STRZYŻÓW;PODKARPACKIE;0
Zawojski Festiwal Biegowy;26-07-2025;lipiec;2025;21 km, 42.5 km, 63 km;ZAWOJA;MAŁOPOLSKIE;1
IV Pogórze Ultra Trail;26-07-2025;lipiec;2025;69 km;STRZYŻÓW;PODKARPACKIE;0
iSandS CROSS TRIATHLON TOUR;26-07-2025;lipiec;2025;;STARACHOWICE;ŚWIĘTOKRZYSKIE;0
Cross Triathlon Szczytno;27-07-2025;lipiec;2025;5 km;SZCZYTNO;WARMIŃSKO-MAZURSKIE;0
Dwumaraton Polskie Ultra;01-08-2025;sierpień;2025;42.195 km;WARSZAWA;MAZOWIECKIE;0
Gorce Ultra-Trail®;01-08-2025;sierpień;2025;47.5 km, 69.5 km, 101.5 km;GORCE;DOLNOŚLĄSKIE;1
Triathlon dla Januszy i Grażyn - Sztafety;02-08-2025;sierpień;2025;;SULISTROWICE;;0
Triathlon dla Januszy i Grażyn;02-08-2025;sierpień;2025;;SULISTROWICE;;0
31. Bieg św. Dominika;02-08-2025;sierpień;2025;10 km;GDAŃSK;POMORSKIE;0
VIII Rudzki Półmaraton Industrialny;02-08-2025;sierpień;2025;21.097 km;RUDA ŚLĄSKA;ŚLĄSKIE;0
XIII Panewnicki Bieg Dzika (08);03-08-2025;sierpień;2025;19.528 km;KATOWICE;ŚLĄSKIE;0
"Gościcino, ""Puchar Pomorza w biegach dzieci i młodzieży """;09-08-2025;sierpień;2025;;GOŚCICINO;POMORSKIE;0
SMArt RUN 7 - charytatywny bieg/marsz NW;09-08-2025;sierpień;2025;5 km, 10 km;JERZMANOWICE-PRZEGINIA;MAŁOPOLSKIE;0
Letni Bieg Zbója;09-08-2025;sierpień;2025;60 km;BIELSKO-BIAŁA;ŚLĄSKIE;0
Chudy Wawrzyniec;09-08-2025;sierpień;2025;52 km, 82.5 km, 101 km;RAJCZA;ŚLĄSKIE;1
Chudy Wawrzyniec;09-08-2025;sierpień;2025;80 km;RAJCZA;ŚLĄSKIE;0
11. eXtremalny Bieg Godzinny;09-08-2025;sierpień;2025;1 km;KOSZALIN;ZACHODNIOPOMORSKIE;0
Garmin Ultra Race Tolkmicko;09-08-2025;sierpień;2025;;TOLKMICKO;WARMIŃSKO-MAZURSKIE;0
Letni Bieg Zbója;09-08-2025;sierpień;2025;25 km, 43 km, 60 km;BIELSKO-BIAŁA;ŚLĄSKIE;1
MORORUN 11. Bieg Aleksandrowski z okazji Święta Wojska Polskiego;15-08-2025;sierpień;2025;5 km, 21.097 km;ALEKSANDRÓW ŁÓDZKI;ŁÓDZKIE;0
Ultramaraton Magurski;16-08-2025;sierpień;2025;21 km, 45 km, 79 km;DUKLA;PODKARPACKIE;1
IV Festiwal Słońca - Biegi Dzieci;16-08-2025;sierpień;2025;;GOŁĄBKI;;0
Supermaraton Królewski oraz IV Festiwal Słońca;16-08-2025;sierpień;2025;10 km, 25 km, 42.195 km, 50 km, 100 km;GOŁĄBKI;;0
Supermaraton Królewski - Sztafety 4x25 km;16-08-2025;sierpień;2025;25 km;GOŁĄBKI;;0
VI Festiwal Słońca - Piwna Mila;17-08-2025;sierpień;2025;;GOŁĄBKI;;0
Marceliński Bieg Letni;17-08-2025;sierpień;2025;5 km;POZNAŃ;WIELKOPOLSKIE;0
Grand Prix Biskupca 2025 #4;22-08-2025;sierpień;2025;8 km;BISKUPIEC;WARMIŃSKO-MAZURSKIE;0
XV Festiwal Biegowy Dziki Weekend;22-08-2025;sierpień;2025;10 km;POLICE;ZACHODNIOPOMORSKIE;0
niedamiRUN;23-08-2025;sierpień;2025;100 km;NIEDAMIRÓW;DOLNOŚLĄSKIE;0
IV Bieg Wakacje na Sportowo;23-08-2025;sierpień;2025;5 km;KATOWICE;ŚLĄSKIE;0
Wbiegnij na PODIUM 4 + GPP Nordic Walking;23-08-2025;sierpień;2025;10 km, 21.097 km, 42.195 km;MALAWA;PODKARPACKIE;0
IV Bieg Wakacje Na Sportowo;23-08-2025;sierpień;2025;5 km, 10 km;KATOWICE;ŚLĄSKIE;0
25 Półmaraton Wałbrzych;24-08-2025;sierpień;2025;21.097 km;WAŁBRZYCH;DOLNOŚLĄSKIE;0
6 Tarnogórski Półmaraton;24-08-2025;sierpień;2025;21.097 km;TARNOWSKIE GÓRY;ŚLĄSKIE;0
Bieg do Trzeźwości;24-08-2025;sierpień;2025;6 km;TYCHY;ŚLĄSKIE;0
"Tarnowskie Góry, ""PKO TARNOGÓRSKI PÓŁMARATON / SREBRNA TARNOGÓRSKA DYSZKA / KORONA PÓŁMARATONÓW ŚLĄSKICH""";24-08-2025;sierpień;2025;21.097 km;TARNOWSKIE GÓRY;ŚLĄSKIE;0
III BACKYARD ULTRA RADOMSKO;29-08-2025;sierpień;2025;;GIDLE;ŁÓDZKIE;0
Letni Ultra Świr;30-08-2025;sierpień;2025;17 km;PTASZKOWA;MAŁOPOLSKIE;0
Kunicki Bieg Reggae;30-08-2025;sierpień;2025;21.097 km;KUNICE;DOLNOŚLĄSKIE;0
10 Łańcucka Piątka;30-08-2025;sierpień;2025;5 km;ŁAŃCUT;PODKARPACKIE;0
Gliwicka Parkowa Prowokacja Biegowa-sezo...;30-08-2025;sierpień;2025;21.097 km;GLIWICE;ŚLĄSKIE;0
VIII Supraski Maraton Leśny;30-08-2025;sierpień;2025;42.195 km;SUPRAŚL;PODLASKIE;0
"Tczew, ""Biegacze w hołdzie Kazimierzowi Piechowskiemu""";30-08-2025;sierpień;2025;;TCZEW;POMORSKIE;0
"Polska, ""VIII Supraski Maraton Leśny""";30-08-2025;sierpień;2025;1 km, 10 km, 21 km, 21.097 km, 42 km, 42.195 km;POLSKA;;0
Kunicki Bieg Reggea;30-08-2025;sierpień;2025;;KUNICE;DOLNOŚLĄSKIE;0
46. PKO Półmaraton Szczecin;31-08-2025;sierpień;2025;10 km, 21.097 km;SZCZECIN;ZACHODNIOPOMORSKIE;0
Bieg Kurierów Sądeckich;31-08-2025;sierpień;2025;11.5 km;RYTRO;MAŁOPOLSKIE;1
Leśna Piątka odwrotnie;04-09-2025;wrzesień;2025;5 km;KOSZALIN;ZACHODNIOPOMORSKIE;0
Tower Triathlon Double Iron Man;04-09-2025;wrzesień;2025;452 km;BOLESŁAWIEC;DOLNOŚLĄSKIE;0
16 Festiwal Biegowy;05-09-2025;wrzesień;2025;100 km;PIWNICZNA-ZDRÓJ;MAŁOPOLSKIE;0
Bieg 7 Dolin;05-09-2025;wrzesień;2025;42 km, 61 km, 101 km;PIWNICZNA-ZDRÓJ;MAŁOPOLSKIE;1
59 Festiwal Chodu i Bieg Obrońców Poczty;06-09-2025;wrzesień;2025;10 km;GDAŃSK;POMORSKIE;0
"Władysławowo, ""IV Bieg Bohaterów Kaszubskich""";06-09-2025;wrzesień;2025;;WŁADYSŁAWOWO;POMORSKIE;0
Leszczyński Festiwal Sportu;06-09-2025;wrzesień;2025;21.097 km;LESZNO;MAZOWIECKIE;0
Rawki na Surowo;06-09-2025;wrzesień;2025;28.5 km;WETLINA;PODKARPACKIE;1
IV Bieg Bohaterów Kaszubskich;06-09-2025;wrzesień;2025;1.939 km;WŁADYSŁAWOWO;POMORSKIE;0
40. Strzeliński Rogaining;06-09-2025;wrzesień;2025;;GÓRY SOWIE;DOLNOŚLĄSKIE;0
13 Tyski Półmaraton;07-09-2025;wrzesień;2025;21.097 km;TYCHY;ŚLĄSKIE;0
XVII Bieg Koguta;07-09-2025;wrzesień;2025;10 km;OŁAWA;DOLNOŚLĄSKIE;0
"Obliwice, ""43 Międzynarodowy Otwarty Bieg Przełajowy o „Puchar Leśny” pamięci Tomasza Hopfera""";07-09-2025;wrzesień;2025;6.4 km;OBLIWICE;POMORSKIE;0
13 Tyski Półmaraton;07-09-2025;wrzesień;2025;21 km;TYCHY;ŚLĄSKIE;0
Dłubnia Eko Trail;07-09-2025;wrzesień;2025;7 km, 30 km;PORĘBA LASKOWSKA;MAŁOPOLSKIE;0
Ultra Race Radków;12-09-2025;wrzesień;2025;56 km;RADKÓW;DOLNOŚLĄSKIE;0
XLV Usedom Marathon;13-09-2025;wrzesień;2025;42.195 km;ŚWINOUJŚCIE;ZACHODNIOPOMORSKIE;0
"Bytonia, ""Kociewski Gravel""";13-09-2025;wrzesień;2025;60 km, 120 km, 180 km, 290 km;BYTONIA;POMORSKIE;0
Bieg Pod Dębem;13-09-2025;wrzesień;2025;11 km;DAMNICA;POMORSKIE;0
"Kobylnica, ""Puchar Kobylnicy 3/3 - Kręcimy kółka na dwóch kółkach""";13-09-2025;wrzesień;2025;;KOBYLNICA;POMORSKIE;0
Ultra Janosik;13-09-2025;wrzesień;2025;75 km;ŁAPSZE NIŻNE;MAŁOPOLSKIE;0
"11. Kielecki Bieg Górski ""Biesak Trail""";13-09-2025;wrzesień;2025;13 km, 26 km;KIELCE;ŚWIĘTOKRZYSKIE;0
Ultra Janosik;13-09-2025;wrzesień;2025;20 km, 40.5 km, 75 km;ŁAPSZE NIŻNE;MAŁOPOLSKIE;1
"Hel - Jastarnia - Rozewie, ""VIII Maratońskie Sztafety Północy - zespoły 4-osobowe""";14-09-2025;wrzesień;2025;;HEL;POMORSKIE;0
"Kuźnica - Rozewie, ""VII Półmaraton Północy Nordic Walking""";14-09-2025;wrzesień;2025;;KUŹNICA;PODLASKIE;0
"Hel - Jastarnia - Rozewie, ""VIII Maratońskie Sztafety Północy - zespoły 2-osobowe""";14-09-2025;wrzesień;2025;;HEL;POMORSKIE;0
"Hel - Jastarnia - Rozewie, ""X Maraton Północy 'Bieg Czterech Latarni'""";14-09-2025;wrzesień;2025;42.195 km;HEL;POMORSKIE;0
X Maraton Północy;14-09-2025;wrzesień;2025;42.195 km;HEL;POMORSKIE;0
Jurajski Festiwal Biegowy;19-09-2025;wrzesień;2025;100 km;KROCZYCE;ŚLĄSKIE;0
Jurajski Festiwal Biegowy;19-09-2025;wrzesień;2025;17 km, 52 km, 107 km;PODLESICE;ŚLĄSKIE;1
"Pelplin, ""Bieg Cysterski""";20-09-2025;wrzesień;2025;;PELPLIN;POMORSKIE;0
"Gdańsk, ""V Ultras Oliwski Bieg Wokół Radości""";20-09-2025;wrzesień;2025;10 km, 21 km;GDAŃSK;POMORSKIE;0
XVI Grand Prix Mysłowic O Puchar „...;20-09-2025;wrzesień;2025;6.7 km;MYSŁOWICE;ŚLĄSKIE;0
Róża Wiatrów Jeziora Mausz;20-09-2025;wrzesień;2025;42 km;KŁODNO;POMORSKIE;0
16 Bytomski Półmaraton;20-09-2025;wrzesień;2025;21.097 km;BYTOM;ŚLĄSKIE;0
Bieg Gladiatora 2025;20-09-2025;wrzesień;2025;;BIELAWA;DOLNOŚLĄSKIE;0
Festiwal Biegu im.red.Tomasza Hopfera;20-09-2025;wrzesień;2025;10 km;PARZYMIECHY;ŚLĄSKIE;0
XIII Panewnicki Bieg Dzika (09);21-09-2025;wrzesień;2025;19.528 km;KATOWICE;ŚLĄSKIE;0
X ZaDyszka Gminy Bełchatów;21-09-2025;wrzesień;2025;10 km;BEŁCHATÓW;ŁÓDZKIE;0
48. Półmaraton Lechitów;21-09-2025;wrzesień;2025;21.097 km;GNIEZNO;WIELKOPOLSKIE;0
"Działdowo, ""Hoffer Triathlon Działdowo - sztafety""";21-09-2025;wrzesień;2025;;DZIAŁDOWO;WARMIŃSKO-MAZURSKIE;0
"Działdowo, ""Hoffer Triathlon Działdowo 2025""";21-09-2025;wrzesień;2025;;DZIAŁDOWO;WARMIŃSKO-MAZURSKIE;0
"Lubiszewo, ""Lubiszewska Dycha""";21-09-2025;wrzesień;2025;;LUBISZEWO;POMORSKIE;0
6. Orthos H2O Wrocław Półmaraton;21-09-2025;wrzesień;2025;21.097 km;WROCŁAW;DOLNOŚLĄSKIE;0
48. Półmaraton Lechitów;21-09-2025;wrzesień;2025;21.097 km;GNIEZNO;WIELKOPOLSKIE;0
Piątka Lechitów;21-09-2025;wrzesień;2025;5 km;GNIEZNO;WIELKOPOLSKIE;0
Półmaraton Bydgoski;26-09-2025;wrzesień;2025;21.097 km;BYDGOSZCZ;KUJAWSKO-POMORSKIE;0
"Hajnówka, ""XVI Hajnowska Dwunastka""";27-09-2025;wrzesień;2025;12 km;HAJNÓWKA;PODLASKIE;0
Ślężański Festiwal Biegowy 2025;27-09-2025;wrzesień;2025;10 km, 21.097 km, 42.195 km;SOBÓTKA;DOLNOŚLĄSKIE;0
Gliwicka Parkowa Prowokacja Biegowa-sezo...;27-09-2025;wrzesień;2025;21.097 km;GLIWICE;ŚLĄSKIE;0
XVI Hajnowska Dwunastka;27-09-2025;wrzesień;2025;12 km;HAJNÓWKA;PODLASKIE;0
"Kocierz Resort , ""Kocierz Extreme Triathlon""";28-09-2025;wrzesień;2025;;TARGANICE;;0
48. Półmaraton Lechitów korespondencyjnie;28-09-2025;wrzesień;2025;21.097 km;CAŁY ŚWIAT;;0
20 Kamień Extreme;28-09-2025;wrzesień;2025;5 km;RYBNIK;ŚLĄSKIE;0
IX Półmaraton Crossowy;28-09-2025;wrzesień;2025;21.097 km;JELCZ-LASKOWICE;DOLNOŚLĄSKIE;0
47 Maraton Warszawski;28-09-2025;wrzesień;2025;42.195 km;WARSZAWA;MAZOWIECKIE;0
TEST Voucherów 2025;04-10-2025;październik;2025;10 km;WAŁBRZYCH;DOLNOŚLĄSKIE;0
DDKK Festiwal Biegowy 2025;04-10-2025;październik;2025;10 km, 22 km, 44 km, 76 km;KĘDZIERZYN-KOŹLE;OPOLSKIE;0
Przehyba Trail;04-10-2025;październik;2025;43 km;GOŁKOWICE GÓRNE;MAŁOPOLSKIE;0
Bison Ultra Trail;04-10-2025;październik;2025;106 km;SUPRAŚL;PODLASKIE;0
Dzień Dobry Kędzierzyn-Koźle festiwal bi...;04-10-2025;październik;2025;22 km;KĘDZIERZYN-KOŹLE;OPOLSKIE;0
12 Jesienne Grand Prix Mińska Mazowiecki...;04-10-2025;październik;2025;10 km;MIŃSK MAZOWIECKI;MAZOWIECKIE;0
Biegnij Warszawo 2025;04-10-2025;październik;2025;10 km;WARSZAWA;MAZOWIECKIE;0
Ultra Łoś;04-10-2025;październik;2025;27.5 km, 42 km, 61.5 km;ZAKURZEWO;KUJAWSKO-POMORSKIE;1
Bison Ultra Trail;04-10-2025;październik;2025;52.5 km, 70 km, 104.5 km;SUPRAŚL;PODLASKIE;1
Wild Run;05-10-2025;październik;2025;10 km;WROCŁAW;DOLNOŚLĄSKIE;0
Grand Prix Małopolski;05-10-2025;październik;2025;21.097 km;TRZEBINIA;MAŁOPOLSKIE;0
Silesia Maraton;05-10-2025;październik;2025;42.195 km;CHORZÓW;ŚLĄSKIE;0
UltraKotlina;11-10-2025;październik;2025;82.5 km, 144 km, 185 km;SZKLARSKA PORĘBA;DOLNOŚLĄSKIE;1
Podbieg na Makowicę;11-10-2025;październik;2025;8 km;RYTRO;MAŁOPOLSKIE;1
"Rumia, ""Puchar Pomorza w biegach dzieci i młodzieży""";11-10-2025;październik;2025;;RUMIA;POMORSKIE;0
XVI Grand Prix Mysłowic O Puchar „...;11-10-2025;październik;2025;6.7 km;MYSŁOWICE;ŚLĄSKIE;0
Wzgórzowa Trzynastka;12-10-2025;październik;2025;13 km;CHRZĄSZCZYCE;OPOLSKIE;0
Wzgórzowa Trzynastka;12-10-2025;październik;2025;13 km;CHRZĄSZCZYCE;OPOLSKIE;1
XIII Panewnicki Bieg Dzika (10);12-10-2025;październik;2025;19.528 km;KATOWICE;ŚLĄSKIE;0
24 Poznań Maraton;12-10-2025;październik;2025;42.195 km;POZNAŃ;WIELKOPOLSKIE;0
III Wilczy Półmaraton;18-10-2025;październik;2025;21 km;WILCZA;ŚLĄSKIE;0
"Tczew, ""XXXIV Bieg Sambora """;18-10-2025;październik;2025;;TCZEW;POMORSKIE;0
III Wilczy Półmaraton;18-10-2025;październik;2025;21.097 km;WILCZA;ŚLĄSKIE;0
Łemkowyna Ultra-Trail®;18-10-2025;październik;2025;70 km, 103 km, 150.5 km;KOMAŃCZA;PODKARPACKIE;1
Łemkowyna Trail 150;18-10-2025;październik;2025;150 km;KRYNICA-ZDRÓJ;MAŁOPOLSKIE;0
Półmaraton Piastowski;18-10-2025;październik;2025;21.097 km;MIĘKINIA;DOLNOŚLĄSKIE;0
XLII Perła Paprocan;19-10-2025;październik;2025;42.195 km;TYCHY;ŚLĄSKIE;0
51. Maraton Dębno;19-10-2025;październik;2025;42.195 km;DĘBNO;MAŁOPOLSKIE;0
5 Radzymiński Trail;20-10-2025;październik;2025;10 km;RADZYMIN;MAZOWIECKIE;0
Gliwicka Parkowa Prowokacja Biegowa-sezo...;25-10-2025;październik;2025;21.097 km;GLIWICE;ŚLĄSKIE;0
Cross Duathlon Żarnowiec;25-10-2025;październik;2025;23 km;DOPIEWO;WIELKOPOLSKIE;0
Strasznie Fajna 5! 2025;25-10-2025;październik;2025;5 km;KĘDZIERZYN-KOŹLE;OPOLSKIE;0
"Tczew, ""XIII Bieg Nadwiślański Szlakiem Dolnej Doliny Wisły - Półmaraton Powiatu Tczewskiego i VIII Maraton Powiatu Tczewskiego""";26-10-2025;październik;2025;21.097 km, 42.195 km;TCZEW;POMORSKIE;0
Chwałowicki Maraton Napoleoński;26-10-2025;październik;2025;42.2 km;CHWAŁOWICE;MAŁOPOLSKIE;0
XIII Bieg Nadwiślański Szlakiem Doliny D...;26-10-2025;październik;2025;42.195 km;TCZEW;POMORSKIE;0
15 Nocna Ściema;26-10-2025;październik;2025;42 km;KOSZALIN;ZACHODNIOPOMORSKIE;0
Marceliński Bieg Jesienny;02-11-2025;listopad;2025;10 km;POZNAŃ;WIELKOPOLSKIE;0
"Gdynia, ""Gdyński Bieg Niepodległości z Decathlon""";11-11-2025;listopad;2025;;GDYNIA;POMORSKIE;0
Poznański Bieg Niepodległości Kocham Pol...;11-11-2025;listopad;2025;10 km;POZNAŃ;WIELKOPOLSKIE;0
Gdyński Bieg Niepodległości;11-11-2025;listopad;2025;10 km;GDYNIA;POMORSKIE;0
Bieg Niepodległości w Rytrze;11-11-2025;listopad;2025;10 km;RYTRO;MAŁOPOLSKIE;1
"Tczew, ""Gala podsumowująca Grand Prix Powiatu Tczewskiego 2025""";14-11-2025;listopad;2025;;TCZEW;POMORSKIE;0
IX Mini Maraton Manhatan Pamięci Jana Pa...;15-11-2025;listopad;2025;4 km;KĘDZIERZYN-KOŹLE;OPOLSKIE;0
XIII Panewnicki Bieg Dzika (11);16-11-2025;listopad;2025;19.528 km;KATOWICE;ŚLĄSKIE;0
XXIII Maraton Odrzański;16-11-2025;listopad;2025;42.195 km;KĘDZIERZYN-KOŹLE;OPOLSKIE;0
Borecka Łękuk Trail;22-11-2025;listopad;2025;21.5 km, 44 km, 71.5 km;ŁĘKUK MAŁY;WARMIŃSKO-MAZURSKIE;1
41. Strzeliński Rogaining;22-11-2025;listopad;2025;;STRZELIN;DOLNOŚLĄSKIE;0
XLV Marsze na Orientacją Pierwszy Śnieg;23-11-2025;listopad;2025;4 km;WOJKOWICE;ŚLĄSKIE;0
Gliwicka Parkowa Prowokacja Biegowa-sezo...;29-11-2025;listopad;2025;21.097 km;GLIWICE;ŚLĄSKIE;0
Bieg IV - XVIII Grand Prix Tychów w Biegach Długodystansowych 2025;30-11-2025;listopad;2025;5 km, 10 km;PAPROCANY;ŚLĄSKIE;0
Ultra Świr - Jesienny Trail;30-11-2025;listopad;2025;25 km;GRYBÓW;MAŁOPOLSKIE;0
Piastowski Bieg Mikołajowy;06-12-2025;grudzień;2025;10 km;MIĘKINIA;DOLNOŚLĄSKIE;0
XVI Grand Prix Mysłowic O Puchar „...;06-12-2025;grudzień;2025;6.7 km;MYSŁOWICE;ŚLĄSKIE;0
Ultra Race Gdańsk;06-12-2025;grudzień;2025;53 km;GDAŃSK;POMORSKIE;0
21 Rybnicki Bieg Barbórkowy;07-12-2025;grudzień;2025;10 km;RYBNIK;ŚLĄSKIE;0
Bieg V - XVIII Grand Prix Tychów w Biegach Długodystansowych 2025;07-12-2025;grudzień;2025;5 km, 10 km;PAPROCANY;ŚLĄSKIE;0
21. Bieg Barbórkowy;07-12-2025;grudzień;2025;10 km;RYBNIK;ŚLĄSKIE;0
Gliwicka Parkowa Prowokacja Biegowa-sezo...;13-12-2025;grudzień;2025;21.097 km;GLIWICE;ŚLĄSKIE;0
XIII Panewnicki Bieg Dzika (12);14-12-2025;grudzień;2025;19.528 km;KATOWICE;ŚLĄSKIE;0
Bieg VI - XVIII Grand Prix Tychów w Biegach Długodystansowych 2025;14-12-2025;grudzień;2025;5 km, 10 km;PAPROCANY;ŚLĄSKIE;0
"Gdańsk, ""VIII Bieg Anioła""";20-12-2025;grudzień;2025;;GDAŃSK;POMORSKIE;0
Bieg Sylwestrowy MielNogami;27-12-2025;grudzień;2025;5 km;MIELNO;ZACHODNIOPOMORSKIE;0
Podkarpacki Puchar Biegowy – PPB 2025;31-12-2025;grudzień;2025;;PODKARPACIE;;0
Bieg i Rajd Nordic Walking na Mount Eve...;13-04-2027;kwiecień;2027;8.85 km;BYTÓW;POMORSKIE;0
;;;;;;;
;;;;;;;
;;;;;;;
;;;;;;;
;;;;;;;
;;;;;;;
;;;;;;;
;;;;;;;
;;;;;;;
;;;;;;;
;;;;;;;
;;;;;;;
;;;;;;;
;;;;;;;
;;;;;;;
;;;;;;;
;;;;;;;
;;;;;;;
;;;;;;;
;;;;;;;
;;;;;;;
;;;;;;;
;;;;;;;
;;;;;;;
;;;;;;;
;;;;;;;
;;;;;;;
;;;;;;;
;;;;;;;
;;;;;;;
;;;;;;;
;;;;;;;
;;;;;;;
;;;;;;;
;;;;;;;
;;;;;;;
;;;;;;;
;;;;;;;
;;;;;;;
;;;;;;;
;;;;;;;
;;;;;;;
;;;;;;;
;;;;;;;
;;;;;;;
;;;;;;;
;;;;;;;
;;;;;;;
;;;;;;;
;;;;;;;
;;;;;;;
;;;;;;;
;;;;;;;
;;;;;;;
;;;;;;;
;;;;;;;
;;;;;;;
;;;;;;;
;;;;;;;
;;;;;;;
;;;;;;;
;;;;;;;
;;;;;;;
;;;;;;;
;;;;;;;
;;;;;;;
;;;;;;;
;;;;;;;
;;;;;;;
;;;;;;;
;;;;;;;
;;;;;;;
;;;;;;;
;;;;;;;
;;;;;;;
;;;;;;;
;;;;;;;
;;;;;;;
;;;;;;;
;;;;;;;
;;;;;;;
;;;;;;;
;;;;;;;
;;;;;;;
;;;;;;;
;;;;;;;
;;;;;;;
;;;;;;;
;;;;;;;
;;;;;;;
;;;;;;;
;;;;;;;
;;;;;;;
;;;;;;;
;;;;;;;
;;;;;;;
;;;;;;;
;;;;;;;
;;;;;;;
;;;;;;;
;;;;;;;
;;;;;;;
;;;;;;;
;;;;;;;
;;;;;;;
;;;;;;;
;;;;;;;
;;;;;;;
;;;;;;;
;;;;;;;
;;;;;;;
;;;;;;;
;;;;;;;
;;;;;;;
;;;;;;;
;;;;;;;
;;;;;;;
;;;;;;;
;;;;;;;
;;;;;;;
;;;;;;;
;;;;;;;
;;;;;;;
;;;;;;;
;;;;;;;
;;;;;;;
;;;;;;;
;;;;;;;
;;;;;;;
;;;;;;;
;;;;;;;
;;;;;;;
;;;;;;;
;;;;;;;
;;;;;;;
;;;;;;;
;;;;;;;
;;;;;;;
;;;;;;;
;;;;;;;
;;;;;;;
;;;;;;;
;;;;;;;
;;;;;;;
;;;;;;;
;;;;;;;
;;;;;;;
;;;;;;;
;;;;;;;
;;;;;;;
;;;;;;;
;;;;;;;
;;;;;;;
;;;;;;;
;;;;;;;
